[
{
    "model": "contenttypes.contenttype",
    "pk": 1,
    "fields": {
        "app_label": "admin",
        "model": "logentry"
    }
},
{
    "model": "contenttypes.contenttype",
    "pk": 2,
    "fields": {
        "app_label": "auth",
        "model": "permission"
    }
},
{
    "model": "contenttypes.contenttype",
    "pk": 3,
    "fields": {
        "app_label": "auth",
        "model": "group"
    }
},
{
    "model": "contenttypes.contenttype",
    "pk": 4,
    "fields": {
        "app_label": "auth",
        "model": "user"
    }
},
{
    "model": "contenttypes.contenttype",
    "pk": 5,
    "fields": {
        "app_label": "contenttypes",
        "model": "contenttype"
    }
},
{
    "model": "contenttypes.contenttype",
    "pk": 6,
    "fields": {
        "app_label": "sessions",
        "model": "session"
    }
},
{
    "model": "contenttypes.contenttype",
    "pk": 7,
    "fields": {
        "app_label": "landing",
        "model": "subscriber"
    }
},
{
    "model": "contenttypes.contenttype",
    "pk": 8,
    "fields": {
        "app_label": "jobs",
        "model": "jobcategory"
    }
},
{
    "model": "contenttypes.contenttype",
    "pk": 9,
    "fields": {
        "app_label": "jobs",
        "model": "jobimage"
    }
},
{
    "model": "contenttypes.contenttype",
    "pk": 10,
    "fields": {
        "app_label": "jobs",
        "model": "job"
    }
},
{
    "model": "contenttypes.contenttype",
    "pk": 11,
    "fields": {
        "app_label": "job_seeker",
        "model": "job_seeker"
    }
},
{
    "model": "contenttypes.contenttype",
    "pk": 12,
    "fields": {
        "app_label": "employer",
        "model": "employer"
    }
},
{
    "model": "sessions.session",
    "pk": "1s945buhq85587sn0o06lhxvfuoaruxm",
    "fields": {
        "session_data": "MDlkODZhOWZmNjdmODUwNzhlNDYyMGVmZjE0ZTQ2ZGQyZTNlNmEwNDp7Il9hdXRoX3VzZXJfaWQiOiIxIiwiX2F1dGhfdXNlcl9iYWNrZW5kIjoiZGphbmdvLmNvbnRyaWIuYXV0aC5iYWNrZW5kcy5Nb2RlbEJhY2tlbmQiLCJfYXV0aF91c2VyX2hhc2giOiIyZDVhOGQ0MzZjOTcwYWY5MDFlOGMxMjk2NTI5MzQ3NTk5NTRlMzBjIn0=",
        "expire_date": "2019-02-11T08:57:08.775Z"
    }
},
{
    "model": "sessions.session",
    "pk": "2x9eypdmgbbo4g2rhlixiozvny7ekkk2",
    "fields": {
        "session_data": "MDlkODZhOWZmNjdmODUwNzhlNDYyMGVmZjE0ZTQ2ZGQyZTNlNmEwNDp7Il9hdXRoX3VzZXJfaWQiOiIxIiwiX2F1dGhfdXNlcl9iYWNrZW5kIjoiZGphbmdvLmNvbnRyaWIuYXV0aC5iYWNrZW5kcy5Nb2RlbEJhY2tlbmQiLCJfYXV0aF91c2VyX2hhc2giOiIyZDVhOGQ0MzZjOTcwYWY5MDFlOGMxMjk2NTI5MzQ3NTk5NTRlMzBjIn0=",
        "expire_date": "2019-03-01T12:38:54.907Z"
    }
},
{
    "model": "sessions.session",
    "pk": "5vloqsjxd2qejsxjxc0cm46y2y2kpzdu",
    "fields": {
        "session_data": "MDlkODZhOWZmNjdmODUwNzhlNDYyMGVmZjE0ZTQ2ZGQyZTNlNmEwNDp7Il9hdXRoX3VzZXJfaWQiOiIxIiwiX2F1dGhfdXNlcl9iYWNrZW5kIjoiZGphbmdvLmNvbnRyaWIuYXV0aC5iYWNrZW5kcy5Nb2RlbEJhY2tlbmQiLCJfYXV0aF91c2VyX2hhc2giOiIyZDVhOGQ0MzZjOTcwYWY5MDFlOGMxMjk2NTI5MzQ3NTk5NTRlMzBjIn0=",
        "expire_date": "2019-02-19T12:18:04.923Z"
    }
},
{
    "model": "sessions.session",
    "pk": "alcqwan1rahm3wxsai46gg8w3naeynid",
    "fields": {
        "session_data": "MDlkODZhOWZmNjdmODUwNzhlNDYyMGVmZjE0ZTQ2ZGQyZTNlNmEwNDp7Il9hdXRoX3VzZXJfaWQiOiIxIiwiX2F1dGhfdXNlcl9iYWNrZW5kIjoiZGphbmdvLmNvbnRyaWIuYXV0aC5iYWNrZW5kcy5Nb2RlbEJhY2tlbmQiLCJfYXV0aF91c2VyX2hhc2giOiIyZDVhOGQ0MzZjOTcwYWY5MDFlOGMxMjk2NTI5MzQ3NTk5NTRlMzBjIn0=",
        "expire_date": "2019-03-06T13:12:52.193Z"
    }
},
{
    "model": "sessions.session",
    "pk": "g1yj07947veeiqkj3s582uq6pzvc4ghw",
    "fields": {
        "session_data": "MDlkODZhOWZmNjdmODUwNzhlNDYyMGVmZjE0ZTQ2ZGQyZTNlNmEwNDp7Il9hdXRoX3VzZXJfaWQiOiIxIiwiX2F1dGhfdXNlcl9iYWNrZW5kIjoiZGphbmdvLmNvbnRyaWIuYXV0aC5iYWNrZW5kcy5Nb2RlbEJhY2tlbmQiLCJfYXV0aF91c2VyX2hhc2giOiIyZDVhOGQ0MzZjOTcwYWY5MDFlOGMxMjk2NTI5MzQ3NTk5NTRlMzBjIn0=",
        "expire_date": "2019-01-10T22:50:24.848Z"
    }
},
{
    "model": "sessions.session",
    "pk": "jfumwcu9aituiyl5d2bsfbb1wywmis41",
    "fields": {
        "session_data": "MDlkODZhOWZmNjdmODUwNzhlNDYyMGVmZjE0ZTQ2ZGQyZTNlNmEwNDp7Il9hdXRoX3VzZXJfaWQiOiIxIiwiX2F1dGhfdXNlcl9iYWNrZW5kIjoiZGphbmdvLmNvbnRyaWIuYXV0aC5iYWNrZW5kcy5Nb2RlbEJhY2tlbmQiLCJfYXV0aF91c2VyX2hhc2giOiIyZDVhOGQ0MzZjOTcwYWY5MDFlOGMxMjk2NTI5MzQ3NTk5NTRlMzBjIn0=",
        "expire_date": "2019-01-27T14:21:35.076Z"
    }
},
{
    "model": "sessions.session",
    "pk": "ka77tf76b8loi6j0nt2so812ijjbwesu",
    "fields": {
        "session_data": "MDlkODZhOWZmNjdmODUwNzhlNDYyMGVmZjE0ZTQ2ZGQyZTNlNmEwNDp7Il9hdXRoX3VzZXJfaWQiOiIxIiwiX2F1dGhfdXNlcl9iYWNrZW5kIjoiZGphbmdvLmNvbnRyaWIuYXV0aC5iYWNrZW5kcy5Nb2RlbEJhY2tlbmQiLCJfYXV0aF91c2VyX2hhc2giOiIyZDVhOGQ0MzZjOTcwYWY5MDFlOGMxMjk2NTI5MzQ3NTk5NTRlMzBjIn0=",
        "expire_date": "2019-01-23T20:59:34.238Z"
    }
},
{
    "model": "sessions.session",
    "pk": "kradymzurpnjk3af5jpw0ryyk5c57bzr",
    "fields": {
        "session_data": "MDlkODZhOWZmNjdmODUwNzhlNDYyMGVmZjE0ZTQ2ZGQyZTNlNmEwNDp7Il9hdXRoX3VzZXJfaWQiOiIxIiwiX2F1dGhfdXNlcl9iYWNrZW5kIjoiZGphbmdvLmNvbnRyaWIuYXV0aC5iYWNrZW5kcy5Nb2RlbEJhY2tlbmQiLCJfYXV0aF91c2VyX2hhc2giOiIyZDVhOGQ0MzZjOTcwYWY5MDFlOGMxMjk2NTI5MzQ3NTk5NTRlMzBjIn0=",
        "expire_date": "2019-02-27T14:23:50.587Z"
    }
},
{
    "model": "sessions.session",
    "pk": "pna65mk7q4cnu8xi9wly8zevhbisimqf",
    "fields": {
        "session_data": "MDlkODZhOWZmNjdmODUwNzhlNDYyMGVmZjE0ZTQ2ZGQyZTNlNmEwNDp7Il9hdXRoX3VzZXJfaWQiOiIxIiwiX2F1dGhfdXNlcl9iYWNrZW5kIjoiZGphbmdvLmNvbnRyaWIuYXV0aC5iYWNrZW5kcy5Nb2RlbEJhY2tlbmQiLCJfYXV0aF91c2VyX2hhc2giOiIyZDVhOGQ0MzZjOTcwYWY5MDFlOGMxMjk2NTI5MzQ3NTk5NTRlMzBjIn0=",
        "expire_date": "2019-01-24T11:51:43.901Z"
    }
},
{
    "model": "sessions.session",
    "pk": "vjk6y05g330dije7dqsjiuodxtvrxufn",
    "fields": {
        "session_data": "MDlkODZhOWZmNjdmODUwNzhlNDYyMGVmZjE0ZTQ2ZGQyZTNlNmEwNDp7Il9hdXRoX3VzZXJfaWQiOiIxIiwiX2F1dGhfdXNlcl9iYWNrZW5kIjoiZGphbmdvLmNvbnRyaWIuYXV0aC5iYWNrZW5kcy5Nb2RlbEJhY2tlbmQiLCJfYXV0aF91c2VyX2hhc2giOiIyZDVhOGQ0MzZjOTcwYWY5MDFlOGMxMjk2NTI5MzQ3NTk5NTRlMzBjIn0=",
        "expire_date": "2019-03-06T21:32:25.145Z"
    }
},
{
    "model": "sessions.session",
    "pk": "ytm7l915gr3hwftzd5lx1mz2deo9xeqm",
    "fields": {
        "session_data": "MDlkODZhOWZmNjdmODUwNzhlNDYyMGVmZjE0ZTQ2ZGQyZTNlNmEwNDp7Il9hdXRoX3VzZXJfaWQiOiIxIiwiX2F1dGhfdXNlcl9iYWNrZW5kIjoiZGphbmdvLmNvbnRyaWIuYXV0aC5iYWNrZW5kcy5Nb2RlbEJhY2tlbmQiLCJfYXV0aF91c2VyX2hhc2giOiIyZDVhOGQ0MzZjOTcwYWY5MDFlOGMxMjk2NTI5MzQ3NTk5NTRlMzBjIn0=",
        "expire_date": "2019-01-01T19:31:51.692Z"
    }
},
{
    "model": "landing.subscriber",
    "pk": 1,
    "fields": {
        "email": "aspirpd@gmail.com",
        "name": "\u041f\u0430\u0432\u0435\u043b",
        "message": "\u041f\u0440\u0438\u0432\u0435\u0442! \u0425\u043e\u0442\u0435\u043b \u0431\u044b \u043f\u043e\u043b\u0443\u0447\u0430\u0442\u044c \u0412\u0430\u0448\u0443 \u0440\u0430\u0441\u0441\u044b\u043b\u043a\u0443 \u043d\u0430 \u043c\u043e\u044e \u043f\u043e\u0447\u0442\u0443.",
        "created": "2018-12-18T20:41:48.768Z",
        "updated": "2018-12-18T20:41:48.768Z"
    }
},
{
    "model": "job_seeker.job_seeker",
    "pk": 1,
    "fields": {
        "first_name": "\u041f\u0430\u0432\u0435\u043b",
        "last_name": "\u042d\u0445\u043e",
        "email": "echorisestudio@gmail.com",
        "town": "\u041a\u0443\u0440\u0441\u043a",
        "job_seeker_phone": "8-950-879-08-81",
        "job_seeker_specialty": "\u0412\u0435\u0431-\u043f\u0440\u043e\u0433\u0440\u0430\u043c\u043c\u0438\u0441\u0442, \u0418\u043d\u0436\u0435\u043d\u0435\u0440 \u0410\u0421\u0423\u0422\u041f",
        "job_seeker_message": "Fullstack web-developer",
        "is_active": true,
        "created": "2018-12-19T13:18:37Z",
        "updated": "2018-12-19T13:18:37Z"
    }
},
{
    "model": "job_seeker.job_seeker",
    "pk": 2,
    "fields": {
        "first_name": "\u0410\u043b\u0435\u043a\u0441\u0430\u043d\u0434\u0440",
        "last_name": "\u0418\u0432\u0430\u043d\u043e\u0432",
        "email": "ivan@yandex.ru",
        "town": "\u041a\u0443\u0440\u0441\u043a",
        "job_seeker_phone": "8-800-555-35-35",
        "job_seeker_specialty": "\u0418\u043d\u0436\u0435\u043d\u0435\u0440",
        "job_seeker_message": "\u0423\u0431\u043e\u0440\u043a\u0430 \u0442\u0435\u0440\u0440\u0438\u0442\u043e\u0440\u0438\u0439",
        "is_active": true,
        "created": "2018-12-20T14:21:03Z",
        "updated": "2018-12-20T14:21:03Z"
    }
},
{
    "model": "job_seeker.job_seeker",
    "pk": 3,
    "fields": {
        "first_name": "\u041a\u0430\u0442\u044f",
        "last_name": "\u041a\u0430\u0442\u0438\u043d\u0430",
        "email": "kate@gmail.com",
        "town": "\u041a\u0443\u0440\u0441\u043a",
        "job_seeker_phone": "8-800-355-90-89",
        "job_seeker_specialty": "\u0423\u0431\u043e\u0440\u0449\u0438\u0446\u0430",
        "job_seeker_message": "\u0423\u0431\u043e\u0440\u043a\u0430 \u0442\u0435\u0440\u0440\u0438\u0442\u043e\u0440\u0438\u0439",
        "is_active": true,
        "created": "2018-12-20T14:26:42Z",
        "updated": "2018-12-20T14:26:42Z"
    }
},
{
    "model": "job_seeker.job_seeker",
    "pk": 6,
    "fields": {
        "first_name": "\u041f\u0435\u0442\u0440\u043e\u0432",
        "last_name": "\u0418\u0432\u0430\u043d",
        "email": "aspirpd@gmail.com",
        "town": "\u041a\u0443\u0440\u0441\u043a",
        "job_seeker_phone": "8-950-879-0881",
        "job_seeker_specialty": "\u0421\u0432\u0430\u0440\u0449\u0438\u043a",
        "job_seeker_message": "\u0421\u0432\u0430\u0440\u043e\u0447\u043d\u044b\u0435 \u0440\u0430\u0431\u043e\u0442\u044b \u043d\u0430 \u043f\u0440\u043e\u0438\u0437\u0432\u043e\u0434\u0441\u0442\u0432\u0430\u0445",
        "is_active": false,
        "created": "2019-01-12T08:18:12Z",
        "updated": "2019-01-12T08:18:12Z"
    }
},
{
    "model": "job_seeker.job_seeker",
    "pk": 7,
    "fields": {
        "first_name": "\u041f\u0430\u0432\u0435\u043b",
        "last_name": "\u042d\u0445\u043e",
        "email": "echorisestudio@gmail.com",
        "town": "\u041c\u043e\u0441\u043a\u0432\u0430",
        "job_seeker_phone": "89508790881",
        "job_seeker_specialty": "\u0418\u043d\u0436\u0435\u043d\u0435\u0440",
        "job_seeker_message": "\u0418\u043d\u0436\u0435\u043d\u0435\u0440-\u043f\u0440\u043e\u0435\u043a\u0442\u0438\u0440\u043e\u0432\u0449\u0438\u043a",
        "is_active": false,
        "created": "2019-01-17T08:32:27.532Z",
        "updated": "2019-01-17T08:32:27.532Z"
    }
},
{
    "model": "employer.employer",
    "pk": 1,
    "fields": {
        "first_name": "\u041f\u0430\u0432\u0435\u043b",
        "last_name": "\u042d\u0445\u043e",
        "email": "echorisestudio@gmail.com",
        "town": "\u041a\u0443\u0440\u0441\u043a",
        "employer_phone": "8-950-879-08-81",
        "employer_organization": "\u041e\u041e\u041e \"Echorise\"",
        "employer_message": "\u0420\u0430\u0437\u0440\u0430\u0431\u043e\u0442\u043a\u0430 \u041f\u041e, \u0441\u0430\u0439\u0442\u043e\u0432, \u0441\u0430\u0439\u0442\u043e\u0432-\u043c\u0430\u0433\u0430\u0437\u0438\u043d\u043e\u0432, \u0432\u0435\u0431-\u043f\u0440\u0438\u043b\u043e\u0436\u0435\u043d\u0438\u0439, \u0440\u0435\u043a\u043b\u0430\u043c\u0430",
        "created": "2018-12-19T15:14:40.231Z",
        "updated": "2018-12-19T15:14:40.231Z"
    }
},
{
    "model": "jobs.jobcategory",
    "pk": 1,
    "fields": {
        "name": "\u0423\u0431\u043e\u0440\u043a\u0430 \u0438 \u0431\u043b\u0430\u0433\u043e\u0443\u0441\u0442\u0440\u043e\u0439\u0441\u0442\u0432\u043e \u0442\u0435\u0440\u0440\u0438\u0442\u043e\u0440\u0438\u0438",
        "is_active": true
    }
},
{
    "model": "jobs.jobcategory",
    "pk": 2,
    "fields": {
        "name": "\u041c\u043e\u043d\u0442\u0430\u0436\u043d\u044b\u0435 \u0440\u0430\u0431\u043e\u0442\u044b",
        "is_active": true
    }
},
{
    "model": "jobs.jobcategory",
    "pk": 3,
    "fields": {
        "name": "\u0412\u043e\u0434\u0438\u0442\u0435\u043b\u0438",
        "is_active": true
    }
},
{
    "model": "jobs.jobcategory",
    "pk": 4,
    "fields": {
        "name": "\u0420\u0430\u0437\u043d\u043e\u0440\u0430\u0431\u043e\u0447\u0438\u0435 (\u0431\u0435\u0437 \u043e\u043f\u044b\u0442\u0430 \u0440\u0430\u0431\u043e\u0442\u044b)",
        "is_active": true
    }
},
{
    "model": "jobs.jobcategory",
    "pk": 5,
    "fields": {
        "name": "\u041a\u0430\u0442\u0435\u0433\u043e\u0440\u0438\u044f 5",
        "is_active": true
    }
},
{
    "model": "jobs.jobcategory",
    "pk": 6,
    "fields": {
        "name": "\u041a\u0430\u0442\u0435\u0433\u043e\u0440\u0438\u044f 6",
        "is_active": true
    }
},
{
    "model": "jobs.jobcategory",
    "pk": 7,
    "fields": {
        "name": "\u041a\u0430\u0442\u0435\u0433\u043e\u0440\u0438\u044f 7",
        "is_active": true
    }
},
{
    "model": "jobs.jobcategory",
    "pk": 8,
    "fields": {
        "name": "\u041a\u0430\u0442\u0435\u0433\u043e\u0440\u0438\u044f 8",
        "is_active": true
    }
},
{
    "model": "jobs.jobcategory",
    "pk": 9,
    "fields": {
        "name": "\u041a\u0430\u0442\u0435\u0433\u043e\u0440\u0438\u044f 8",
        "is_active": true
    }
},
{
    "model": "jobs.jobcategory",
    "pk": 10,
    "fields": {
        "name": "\u041a\u0430\u0442\u0435\u0433\u043e\u0440\u0438\u044f 9",
        "is_active": true
    }
},
{
    "model": "jobs.jobcategory",
    "pk": 11,
    "fields": {
        "name": "\u041a\u0430\u0442\u0435\u0433\u043e\u0440\u0438\u044f 10",
        "is_active": true
    }
},
{
    "model": "jobs.jobcategory",
    "pk": 12,
    "fields": {
        "name": "\u041a\u0430\u0442\u0435\u0433\u043e\u0440\u0438\u044f 11",
        "is_active": true
    }
},
{
    "model": "jobs.jobcategory",
    "pk": 13,
    "fields": {
        "name": "\u041a\u0430\u0442\u0435\u0433\u043e\u0440\u0438\u044f 12",
        "is_active": true
    }
},
{
    "model": "jobs.jobcategory",
    "pk": 14,
    "fields": {
        "name": "\u041a\u0430\u0442\u0435\u0433\u043e\u0440\u0438\u044f 13",
        "is_active": true
    }
},
{
    "model": "jobs.jobcategory",
    "pk": 15,
    "fields": {
        "name": "\u041a\u0430\u0442\u0435\u0433\u043e\u0440\u0438\u044f 14",
        "is_active": true
    }
},
{
    "model": "jobs.jobcategory",
    "pk": 16,
    "fields": {
        "name": "\u041a\u0430\u0442\u0435\u0433\u043e\u0440\u0438\u044f 15",
        "is_active": true
    }
},
{
    "model": "jobs.jobcategory",
    "pk": 17,
    "fields": {
        "name": "\u041a\u0430\u0442\u0435\u0433\u043e\u0440\u0438\u044f 16",
        "is_active": true
    }
},
{
    "model": "jobs.job",
    "pk": 1,
    "fields": {
        "name": "\u0423\u0431\u043e\u0440\u0449\u0438\u043a",
        "price": "112000",
        "education": "\u041d\u0435 \u0432\u0430\u0436\u043d\u043e",
        "category": 1,
        "short_description": "\u041e\u0431\u0449\u0438\u0435 \u0442\u0440\u0435\u0431\u043e\u0432\u0430\u043d\u0438\u044f:- \u043f\u043e\u0434\u0447\u0438\u043d\u044f\u0435\u043c\u043e\u0441\u0442\u044c \u043d\u0435\u043f\u043e\u0441\u0440\u0435\u0434\u0441\u0442\u0432\u0435\u043d\u043d\u044b",
        "description": "\u041e\u0431\u0449\u0438\u0435 \u0442\u0440\u0435\u0431\u043e\u0432\u0430\u043d\u0438\u044f:\r\n\r\n- \u043f\u043e\u0434\u0447\u0438\u043d\u044f\u0435\u043c\u043e\u0441\u0442\u044c \u043d\u0435\u043f\u043e\u0441\u0440\u0435\u0434\u0441\u0442\u0432\u0435\u043d\u043d\u044b\u043c \u0440\u0443\u043a\u043e\u0432\u043e\u0434\u0438\u0442\u0435\u043b\u044f\u043c, (\u043f\u0440\u043e\u0440\u0430\u0431, \u043c\u0430\u0441\u0442\u0435\u0440)\r\n\r\n- \u0440\u0430\u0431\u043e\u0447\u0438\u0439 \u0434\u0435\u043d\u044c \u0441 7.00 \u0434\u043e 19.00 , \u043f\u0435\u0440\u0435\u0440\u044b\u0432 \u0441 13.00 \u0434\u043e 14.00 \u0447.\r\n\r\n- 6 \u0434\u043d\u0435\u0432\u043d\u0430\u044f \u0440\u0430\u0431\u043e\u0447\u0430\u044f \u043d\u0435\u0434\u0435\u043b\u044f\r\n\r\n- \u0430\u0431\u0441\u043e\u043b\u044e\u0442\u043d\u043e\u0435 \u0438\u0441\u043a\u043b\u044e\u0447\u0435\u043d\u0438\u0435 \u0443\u043f\u043e\u0442\u0440\u0435\u0431\u043b\u0435\u043d\u0438\u044f \u0430\u043b\u043a\u043e\u0433\u043e\u043b\u044c\u043d\u044b\u0445 \u0438 \u043d\u0430\u0440\u043a\u043e\u0442\u0438\u0447\u0435\u0441\u043a\u0438\u0445 \u0441\u0440\u0435\u0434\u0441\u0442\u0432, (\u043b\u0438\u0448\u0435\u043d\u0438\u0435 \u043f\u0440\u0435\u043c\u0438\u0430\u043b\u044c\u043d\u043e\u0439 \u0447\u0430\u0441\u0442\u0438 \u0437\u0430\u0440\u0430\u0431\u043e\u0442\u043d\u043e\u0439 \u043f\u043b\u0430\u0442\u044b, \u0443\u0432\u043e\u043b\u044c\u043d\u0435\u043d\u0438\u0435).\r\n\r\n- \u0430\u043a\u043a\u0443\u0440\u0430\u0442\u043d\u043e\u0435 \u043e\u0442\u043d\u043e\u0448\u0435\u043d\u0438\u0435 \u043a \u0441\u0440\u0435\u0434\u0441\u0442\u0432\u0430\u043c \u043f\u0440\u043e\u0438\u0437\u0432\u043e\u0434\u0441\u0442\u0432\u0430 \u0438 \u0438\u043d\u0441\u0442\u0440\u0443\u043c\u0435\u043d\u0442\u0443.",
        "is_active": true,
        "created": "2018-12-20T12:29:10Z",
        "updated": "2019-01-12T08:35:34Z"
    }
},
{
    "model": "jobs.job",
    "pk": 2,
    "fields": {
        "name": "\u041c\u043e\u043d\u0442\u0430\u0436\u043d\u0438\u043a \u043c\u0435\u0442\u0430\u043b\u043b\u043e\u043a\u043e\u043d\u0441\u0442\u0440\u0443\u043a\u0446\u0438\u0439",
        "price": "55000",
        "education": "\u041b\u044e\u0431\u043e\u0435, \u043e\u043f\u044b\u0442 \u0440\u0430\u0431\u043e\u0442\u044b \u0432 \u043c\u043e\u043d\u0442\u0430\u0436\u0435 \u043c\u0435\u0442\u0430\u043b\u043b\u043e\u043a\u043e\u043d\u0441\u0442\u0440\u0443\u043a\u0446\u0438\u0439",
        "category": 2,
        "short_description": "- \u043f\u043e\u0434\u0447\u0438\u043d\u044f\u0435\u043c\u043e\u0441\u0442\u044c \u043d\u0435\u043f\u043e\u0441\u0440\u0435\u0434\u0441\u0442\u0432\u0435\u043d\u043d\u044b\u043c \u0440\u0443\u043a\u043e\u0432\u043e\u0434\u0438\u0442\u0435\u043b\u044f\u043c, (\u043f",
        "description": "- \u043f\u043e\u0434\u0447\u0438\u043d\u044f\u0435\u043c\u043e\u0441\u0442\u044c \u043d\u0435\u043f\u043e\u0441\u0440\u0435\u0434\u0441\u0442\u0432\u0435\u043d\u043d\u044b\u043c \u0440\u0443\u043a\u043e\u0432\u043e\u0434\u0438\u0442\u0435\u043b\u044f\u043c, (\u043f\u0440\u043e\u0440\u0430\u0431, \u043c\u0430\u0441\u0442\u0435\u0440)\r\n\r\n- \u0440\u0430\u0431\u043e\u0447\u0438\u0439 \u0434\u0435\u043d\u044c \u0441 8.00 \u0434\u043e 18.00 \u0434\u043b\u044f \u0441\u043e\u0442\u0440\u0443\u0434\u043d\u0438\u043a\u043e\u0432 \u043d\u0430 \u043e\u043a\u043b\u0430\u0434\u0435, \u043f\u0435\u0440\u0435\u0440\u044b\u0432 \u0441 13.00 \u0434\u043e 14.00 \u0447.\r\n\r\n- 6 \u0434\u043d\u0435\u0432\u043d\u0430\u044f \u0440\u0430\u0431\u043e\u0447\u0430\u044f \u043d\u0435\u0434\u0435\u043b\u044f\r\n\r\n- \u0430\u0431\u0441\u043e\u043b\u044e\u0442\u043d\u043e\u0435 \u0438\u0441\u043a\u043b\u044e\u0447\u0435\u043d\u0438\u0435 \u0443\u043f\u043e\u0442\u0440\u0435\u0431\u043b\u0435\u043d\u0438\u044f \u0430\u043b\u043a\u043e\u0433\u043e\u043b\u044c\u043d\u044b\u0445 \u0438 \u043d\u0430\u0440\u043a\u043e\u0442\u0438\u0447\u0435\u0441\u043a\u0438\u0445 \u0441\u0440\u0435\u0434\u0441\u0442\u0432, (\u043b\u0438\u0448\u0435\u043d\u0438\u0435 \u043f\u0440\u0435\u043c\u0438\u0430\u043b\u044c\u043d\u043e\u0439 \u0447\u0430\u0441\u0442\u0438 \u0437\u0430\u0440\u0430\u0431\u043e\u0442\u043d\u043e\u0439 \u043f\u043b\u0430\u0442\u044b, \u0443\u0432\u043e\u043b\u044c\u043d\u0435\u043d\u0438\u0435).\r\n\r\n- \u0441\u0442\u0440\u043e\u0433\u043e\u0435 \u0441\u043e\u0431\u043b\u044e\u0434\u0435\u043d\u0438\u0435 \u043f\u0440\u0430\u0432\u0438\u043b \u0442\u0435\u0445\u043d\u0438\u043a\u0438 \u0431\u0435\u0437\u043e\u043f\u0430\u0441\u043d\u043e\u0441\u0442\u0438. (\u0448\u0442\u0440\u0430\u0444 \u0437\u0430 \u0440\u0430\u0431\u043e\u0442\u0443 \u0431\u0435\u0437 \u043a\u0430\u0441\u043a\u0438 \u0438 \u0438\u043d\u0434\u0438\u0432\u0438\u0434\u0443\u0430\u043b\u044c\u043d\u044b\u0445 \u0441\u0440\u0435\u0434\u0441\u0442\u0432 \u0437\u0430\u0449\u0438\u0442\u044b)\r\n\r\n- \u0430\u043a\u043a\u0443\u0440\u0430\u0442\u043d\u043e\u0435 \u043e\u0442\u043d\u043e\u0448\u0435\u043d\u0438\u0435 \u043a \u0441\u0440\u0435\u0434\u0441\u0442\u0432\u0430\u043c \u043f\u0440\u043e\u0438\u0437\u0432\u043e\u0434\u0441\u0442\u0432\u0430 \u0438 \u0438\u043d\u0441\u0442\u0440\u0443\u043c\u0435\u043d\u0442\u0443.",
        "is_active": true,
        "created": "2019-01-10T11:57:21Z",
        "updated": "2019-01-10T11:57:21Z"
    }
},
{
    "model": "jobs.job",
    "pk": 3,
    "fields": {
        "name": "\u0412\u043e\u0434\u0438\u0442\u0435\u043b\u0438",
        "price": "60000",
        "education": "\u043b\u044e\u0431\u043e\u0435, \u043e\u043f\u044b\u0442 \u0440\u0430\u0431\u043e\u0442\u044b \u043f\u043e \u0440\u0435\u043c\u043e\u043d\u0442\u0443 \u0438 \u043e\u0431\u0441\u043b\u0443\u0436\u0438\u0432\u0430\u043d\u0438\u044e \u0414\u0412\u0421, \u0438 \u0441\u0442\u0440\u043e\u0438\u0442\u0435\u043b\u044c\u043d\u043e\u0439 \u0442\u0435\u0445\u043d\u0438\u043a\u0438",
        "category": 3,
        "short_description": "",
        "description": "\u041e\u0431\u0449\u0438\u0435 \u0442\u0440\u0435\u0431\u043e\u0432\u0430\u043d\u0438\u044f:\r\n\r\n- \u043f\u043e\u0434\u0447\u0438\u043d\u044f\u0435\u043c\u043e\u0441\u0442\u044c \u043d\u0435\u043f\u043e\u0441\u0440\u0435\u0434\u0441\u0442\u0432\u0435\u043d\u043d\u044b\u043c \u0440\u0443\u043a\u043e\u0432\u043e\u0434\u0438\u0442\u0435\u043b\u044f\u043c, (\u043f\u0440\u043e\u0440\u0430\u0431, \u043c\u0430\u0441\u0442\u0435\u0440)\r\n\r\n- \u0440\u0430\u0431\u043e\u0447\u0438\u0439 \u0434\u0435\u043d\u044c \u0441 8.00 \u0434\u043e 18.00 \u0434\u043b\u044f \u0441\u043e\u0442\u0440\u0443\u0434\u043d\u0438\u043a\u043e\u0432 \u043d\u0430 \u043e\u043a\u043b\u0430\u0434\u0435, \u043f\u0435\u0440\u0435\u0440\u044b\u0432 \u0441 13.00 \u0434\u043e 14.00 \u0447.\r\n\r\n- 6 \u0434\u043d\u0435\u0432\u043d\u0430\u044f \u0440\u0430\u0431\u043e\u0447\u0430\u044f \u043d\u0435\u0434\u0435\u043b\u044f\r\n\r\n- \u0430\u0431\u0441\u043e\u043b\u044e\u0442\u043d\u043e\u0435 \u0438\u0441\u043a\u043b\u044e\u0447\u0435\u043d\u0438\u0435 \u0443\u043f\u043e\u0442\u0440\u0435\u0431\u043b\u0435\u043d\u0438\u044f \u0430\u043b\u043a\u043e\u0433\u043e\u043b\u044c\u043d\u044b\u0445 \u0438 \u043d\u0430\u0440\u043a\u043e\u0442\u0438\u0447\u0435\u0441\u043a\u0438\u0445 \u0441\u0440\u0435\u0434\u0441\u0442\u0432, (\u043b\u0438\u0448\u0435\u043d\u0438\u0435 \u043f\u0440\u0435\u043c\u0438\u0430\u043b\u044c\u043d\u043e\u0439 \u0447\u0430\u0441\u0442\u0438 \u0437\u0430\u0440\u0430\u0431\u043e\u0442\u043d\u043e\u0439 \u043f\u043b\u0430\u0442\u044b, \u0443\u0432\u043e\u043b\u044c\u043d\u0435\u043d\u0438\u0435).\r\n\r\n- \u0441\u0442\u0440\u043e\u0433\u043e\u0435 \u0441\u043e\u0431\u043b\u044e\u0434\u0435\u043d\u0438\u0435 \u043f\u0440\u0430\u0432\u0438\u043b \u0442\u0435\u0445\u043d\u0438\u043a\u0438 \u0431\u0435\u0437\u043e\u043f\u0430\u0441\u043d\u043e\u0441\u0442\u0438. (\u0448\u0442\u0440\u0430\u0444 \u0437\u0430 \u0440\u0430\u0431\u043e\u0442\u0443 \u0431\u0435\u0437 \u043a\u0430\u0441\u043a\u0438 \u0438 \u0438\u043d\u0434\u0438\u0432\u0438\u0434\u0443\u0430\u043b\u044c\u043d\u044b\u0445 \u0441\u0440\u0435\u0434\u0441\u0442\u0432 \u0437\u0430\u0449\u0438\u0442\u044b)\r\n\r\n- \u0430\u043a\u043a\u0443\u0440\u0430\u0442\u043d\u043e\u0435 \u043e\u0442\u043d\u043e\u0448\u0435\u043d\u0438\u0435 \u043a \u0441\u0440\u0435\u0434\u0441\u0442\u0432\u0430\u043c \u043f\u0440\u043e\u0438\u0437\u0432\u043e\u0434\u0441\u0442\u0432\u0430 \u0438 \u0438\u043d\u0441\u0442\u0440\u0443\u043c\u0435\u043d\u0442\u0443.",
        "is_active": true,
        "created": "2019-01-10T20:56:59Z",
        "updated": "2019-01-10T20:56:59Z"
    }
},
{
    "model": "jobs.job",
    "pk": 4,
    "fields": {
        "name": "\u0423\u0431\u043e\u0440\u0449\u0438\u0446\u0430",
        "price": "48000",
        "education": "\u041d\u0435 \u0432\u0430\u0436\u043d\u043e",
        "category": 1,
        "short_description": "\u041e\u0431\u0449\u0438\u0435 \u0442\u0440\u0435\u0431\u043e\u0432\u0430\u043d\u0438\u044f: - \u043f\u043e\u0434\u0447\u0438\u043d\u044f\u0435\u043c\u043e\u0441\u0442\u044c \u043d\u0435\u043f\u043e\u0441\u0440\u0435\u0434\u0441\u0442\u0432\u0435\u043d\u043d\u044b\u043c",
        "description": "\u041e\u0411\u0429\u0418\u0415 \u0422\u0420\u0415\u0411\u041e\u0412\u0410\u041d\u0418\u042f: - \u041f\u041e\u0414\u0427\u0418\u041d\u042f\u0415\u041c\u041e\u0421\u0422\u042c \u041d\u0415\u041f\u041e\u0421\u0420\u0415\u0414\u0421\u0422\u0412\u0415\u041d\u041d\u042b\u041c \u0420\u0423\u041a\u041e\u0412\u041e\u0414\u0418\u0422\u0415\u041b\u042f\u041c, (\u041f\u0420\u041e\u0420\u0410\u0411, \u041c\u0410\u0421\u0422\u0415\u0420) - \u0420\u0410\u0411\u041e\u0427\u0418\u0419 \u0414\u0415\u041d\u042c \u0421 7.00 \u0414\u041e 19.00 , \u041f\u0415\u0420\u0415\u0420\u042b\u0412 \u0421 13.00 \u0414\u041e 14.00 \u0427. - 6 \u0414\u041d\u0415\u0412\u041d\u0410\u042f \u0420\u0410\u0411\u041e\u0427\u0410\u042f \u041d\u0415\u0414\u0415\u041b\u042f - \u0410\u0411\u0421\u041e\u041b\u042e\u0422\u041d\u041e\u0415 \u0418\u0421\u041a\u041b\u042e\u0427\u0415\u041d\u0418\u0415 \u0423\u041f\u041e\u0422\u0420\u0415\u0411\u041b\u0415\u041d\u0418\u042f \u0410\u041b\u041a\u041e\u0413\u041e\u041b\u042c\u041d\u042b\u0425 \u0418 \u041d\u0410\u0420\u041a\u041e\u0422\u0418\u0427\u0415\u0421\u041a\u0418\u0425 \u0421\u0420\u0415\u0414\u0421\u0422\u0412, (\u041b\u0418\u0428\u0415\u041d\u0418\u0415 \u041f\u0420\u0415\u041c\u0418\u0410\u041b\u042c\u041d\u041e\u0419 \u0427\u0410\u0421\u0422\u0418 \u0417\u0410\u0420\u0410\u0411\u041e\u0422\u041d\u041e\u0419 \u041f\u041b\u0410\u0422\u042b, \u0423\u0412\u041e\u041b\u042c\u041d\u0415\u041d\u0418\u0415). - \u0410\u041a\u041a\u0423\u0420\u0410\u0422\u041d\u041e\u0415 \u041e\u0422\u041d\u041e\u0428\u0415\u041d\u0418\u0415 \u041a \u0421\u0420\u0415\u0414\u0421\u0422\u0412\u0410\u041c \u041f\u0420\u041e\u0418\u0417\u0412\u041e\u0414\u0421\u0422\u0412\u0410 \u0418 \u0418\u041d\u0421\u0422\u0420\u0423\u041c\u0415\u041d\u0422\u0423.",
        "is_active": true,
        "created": "2019-01-11T19:59:51Z",
        "updated": "2019-01-11T19:59:51Z"
    }
},
{
    "model": "jobs.job",
    "pk": 5,
    "fields": {
        "name": "\u0421\u043b\u0435\u0441\u0430\u0440\u044c",
        "price": "55000",
        "education": "\u041d\u0435 \u0432\u0430\u0436\u043d\u043e",
        "category": 2,
        "short_description": "\u0432\u0444\u044b\u0432\u044b\u0444",
        "description": "\u041e\u043e\u043e\u043e\u043e\u043e\u043e\u043e\u043e\u043e",
        "is_active": true,
        "created": "2019-01-12T08:40:01Z",
        "updated": "2019-01-12T08:40:01Z"
    }
},
{
    "model": "jobs.job",
    "pk": 6,
    "fields": {
        "name": "\u0421\u0432\u0430\u0440\u0449\u0438\u043a \u043c\u0435\u0442\u0430\u043b\u043b\u043e\u043a\u043e\u043d\u0441\u0442\u0440\u0443\u043a\u0446\u0438\u0439",
        "price": "60000",
        "education": "\u0421\u0432\u0430\u0440\u0449\u0438\u043a, \u043e\u043f\u044b\u0442 \u0440\u0430\u0431\u043e\u0442\u044b \u043d\u0435 \u043c\u0435\u043d\u0435\u0435 5 \u043b\u0435\u0442",
        "category": 2,
        "short_description": "- \u043f\u043e\u0434\u0447\u0438\u043d\u044f\u0435\u043c\u043e\u0441\u0442\u044c \u043d\u0435\u043f\u043e\u0441\u0440\u0435\u0434\u0441\u0442\u0432\u0435\u043d\u043d\u044b\u043c \u0440\u0443\u043a\u043e\u0432\u043e\u0434\u0438\u0442\u0435\u043b\u044f\u043c, (\u043f",
        "description": "- \u043f\u043e\u0434\u0447\u0438\u043d\u044f\u0435\u043c\u043e\u0441\u0442\u044c \u043d\u0435\u043f\u043e\u0441\u0440\u0435\u0434\u0441\u0442\u0432\u0435\u043d\u043d\u044b\u043c \u0440\u0443\u043a\u043e\u0432\u043e\u0434\u0438\u0442\u0435\u043b\u044f\u043c, (\u043f\u0440\u043e\u0440\u0430\u0431, \u043c\u0430\u0441\u0442\u0435\u0440)\r\n\r\n- \u0440\u0430\u0431\u043e\u0447\u0438\u0439 \u0434\u0435\u043d\u044c \u0441 8.00 \u0434\u043e 18.00 \u0434\u043b\u044f \u0441\u043e\u0442\u0440\u0443\u0434\u043d\u0438\u043a\u043e\u0432 \u043d\u0430 \u043e\u043a\u043b\u0430\u0434\u0435, \u043f\u0435\u0440\u0435\u0440\u044b\u0432 \u0441 13.00 \u0434\u043e 14.00 \u0447.\r\n\r\n- 6 \u0434\u043d\u0435\u0432\u043d\u0430\u044f \u0440\u0430\u0431\u043e\u0447\u0430\u044f \u043d\u0435\u0434\u0435\u043b\u044f\r\n\r\n- \u0430\u0431\u0441\u043e\u043b\u044e\u0442\u043d\u043e\u0435 \u0438\u0441\u043a\u043b\u044e\u0447\u0435\u043d\u0438\u0435 \u0443\u043f\u043e\u0442\u0440\u0435\u0431\u043b\u0435\u043d\u0438\u044f \u0430\u043b\u043a\u043e\u0433\u043e\u043b\u044c\u043d\u044b\u0445 \u0438 \u043d\u0430\u0440\u043a\u043e\u0442\u0438\u0447\u0435\u0441\u043a\u0438\u0445 \u0441\u0440\u0435\u0434\u0441\u0442\u0432, (\u043b\u0438\u0448\u0435\u043d\u0438\u0435 \u043f\u0440\u0435\u043c\u0438\u0430\u043b\u044c\u043d\u043e\u0439 \u0447\u0430\u0441\u0442\u0438 \u0437\u0430\u0440\u0430\u0431\u043e\u0442\u043d\u043e\u0439 \u043f\u043b\u0430\u0442\u044b, \u0443\u0432\u043e\u043b\u044c\u043d\u0435\u043d\u0438\u0435).\r\n\r\n- \u0441\u0442\u0440\u043e\u0433\u043e\u0435 \u0441\u043e\u0431\u043b\u044e\u0434\u0435\u043d\u0438\u0435 \u043f\u0440\u0430\u0432\u0438\u043b \u0442\u0435\u0445\u043d\u0438\u043a\u0438 \u0431\u0435\u0437\u043e\u043f\u0430\u0441\u043d\u043e\u0441\u0442\u0438. (\u0448\u0442\u0440\u0430\u0444 \u0437\u0430 \u0440\u0430\u0431\u043e\u0442\u0443 \u0431\u0435\u0437 \u043a\u0430\u0441\u043a\u0438 \u0438 \u0438\u043d\u0434\u0438\u0432\u0438\u0434\u0443\u0430\u043b\u044c\u043d\u044b\u0445 \u0441\u0440\u0435\u0434\u0441\u0442\u0432 \u0437\u0430\u0449\u0438\u0442\u044b)\r\n\r\n- \u0430\u043a\u043a\u0443\u0440\u0430\u0442\u043d\u043e\u0435 \u043e\u0442\u043d\u043e\u0448\u0435\u043d\u0438\u0435 \u043a \u0441\u0440\u0435\u0434\u0441\u0442\u0432\u0430\u043c \u043f\u0440\u043e\u0438\u0437\u0432\u043e\u0434\u0441\u0442\u0432\u0430 \u0438 \u0438\u043d\u0441\u0442\u0440\u0443\u043c\u0435\u043d\u0442\u0443.",
        "is_active": true,
        "created": "2019-02-05T00:52:55Z",
        "updated": "2019-02-05T00:52:55Z"
    }
},
{
    "model": "jobs.job",
    "pk": 7,
    "fields": {
        "name": "\u0421\u0430\u0434\u043e\u0432\u043d\u0438\u043a",
        "price": "45000",
        "education": "\u041b\u044e\u0431\u043e\u0435",
        "category": 1,
        "short_description": "- \u043f\u043e\u0434\u0447\u0438\u043d\u044f\u0435\u043c\u043e\u0441\u0442\u044c \u043d\u0435\u043f\u043e\u0441\u0440\u0435\u0434\u0441\u0442\u0432\u0435\u043d\u043d\u044b\u043c \u0440\u0443\u043a\u043e\u0432\u043e\u0434\u0438\u0442\u0435\u043b\u044f\u043c, (\u043f",
        "description": "- \u043f\u043e\u0434\u0447\u0438\u043d\u044f\u0435\u043c\u043e\u0441\u0442\u044c \u043d\u0435\u043f\u043e\u0441\u0440\u0435\u0434\u0441\u0442\u0432\u0435\u043d\u043d\u044b\u043c \u0440\u0443\u043a\u043e\u0432\u043e\u0434\u0438\u0442\u0435\u043b\u044f\u043c, (\u043f\u0440\u043e\u0440\u0430\u0431, \u043c\u0430\u0441\u0442\u0435\u0440)\r\n\r\n- \u0440\u0430\u0431\u043e\u0447\u0438\u0439 \u0434\u0435\u043d\u044c \u0441 7.00 \u0434\u043e 19.00 , \u043f\u0435\u0440\u0435\u0440\u044b\u0432 \u0441 13.00 \u0434\u043e 14.00 \u0447.\r\n\r\n- 6 \u0434\u043d\u0435\u0432\u043d\u0430\u044f \u0440\u0430\u0431\u043e\u0447\u0430\u044f \u043d\u0435\u0434\u0435\u043b\u044f\r\n\r\n- \u0430\u0431\u0441\u043e\u043b\u044e\u0442\u043d\u043e\u0435 \u0438\u0441\u043a\u043b\u044e\u0447\u0435\u043d\u0438\u0435 \u0443\u043f\u043e\u0442\u0440\u0435\u0431\u043b\u0435\u043d\u0438\u044f \u0430\u043b\u043a\u043e\u0433\u043e\u043b\u044c\u043d\u044b\u0445 \u0438 \u043d\u0430\u0440\u043a\u043e\u0442\u0438\u0447\u0435\u0441\u043a\u0438\u0445 \u0441\u0440\u0435\u0434\u0441\u0442\u0432, (\u043b\u0438\u0448\u0435\u043d\u0438\u0435 \u043f\u0440\u0435\u043c\u0438\u0430\u043b\u044c\u043d\u043e\u0439 \u0447\u0430\u0441\u0442\u0438 \u0437\u0430\u0440\u0430\u0431\u043e\u0442\u043d\u043e\u0439 \u043f\u043b\u0430\u0442\u044b, \u0443\u0432\u043e\u043b\u044c\u043d\u0435\u043d\u0438\u0435).\r\n\r\n- \u0430\u043a\u043a\u0443\u0440\u0430\u0442\u043d\u043e\u0435 \u043e\u0442\u043d\u043e\u0448\u0435\u043d\u0438\u0435 \u043a \u0441\u0440\u0435\u0434\u0441\u0442\u0432\u0430\u043c \u043f\u0440\u043e\u0438\u0437\u0432\u043e\u0434\u0441\u0442\u0432\u0430 \u0438 \u0438\u043d\u0441\u0442\u0440\u0443\u043c\u0435\u043d\u0442\u0443.",
        "is_active": true,
        "created": "2019-02-05T12:17:12Z",
        "updated": "2019-02-05T12:17:12Z"
    }
},
{
    "model": "jobs.job",
    "pk": 8,
    "fields": {
        "name": "\u0420\u0430\u0437\u043d\u043e\u0440\u0430\u0431\u043e\u0447\u0438\u0439",
        "price": "20000",
        "education": "\u041d\u0435 \u0442\u0440\u0435\u0431\u0443\u0435\u0442\u0441\u044f",
        "category": 4,
        "short_description": "\u0412\u0441\u0435 \u0432\u0438\u0434\u044b \u0440\u0430\u0431\u043e\u0442 \u0432 \u0441\u0442\u0440\u043e\u0438\u0442\u0435\u043b\u044c\u0441\u0442\u0432\u0435",
        "description": "\u041f\u043e\u043b\u043d\u0430\u044f \u0437\u0430\u043d\u044f\u0442\u043e\u0441\u0442\u044c, \u0441\u043e\u0446\u043f\u0430\u043a\u0435\u0442, \u0441\u0432\u043e\u0435\u0432\u0440\u0435\u043c\u0435\u043d\u043d\u0430\u044f \u043e\u043f\u043b\u0430\u0442\u0430 \u0442\u0440\u0443\u0434\u0430. \u0412\u0430\u0445\u0442\u0430",
        "is_active": true,
        "created": "2019-02-15T12:41:13Z",
        "updated": "2019-02-15T12:41:13Z"
    }
},
{
    "model": "jobs.job",
    "pk": 9,
    "fields": {
        "name": "\u0422\u0430\u043a\u0441\u0438\u0442",
        "price": "100000",
        "education": "\u041d\u0435 \u043e\u0431\u044f\u0437\u0430\u0442\u0435\u043b\u044c\u043d\u043e",
        "category": 3,
        "short_description": "\u0442\u0435\u043a\u0441\u0442\u0442\u0435\u043a\u0441\u0442",
        "description": "\u0442\u0435\u043a\u0441\u0442\u0442\u0435\u043a\u0441\u0442 \u0442\u0435\u043a\u0441\u0442\r\n\r\n\r\n\u0430\u0432\u044b\u0430\u044b\u0432\u0430\u0432\u044b\u0430\u0432\u044b\u0430\u0432\r\n\u0430\u044b\u0432\u0430",
        "is_active": true,
        "created": "2019-02-20T13:30:56Z",
        "updated": "2019-02-20T13:30:56Z"
    }
},
{
    "model": "jobs.jobimage",
    "pk": 1,
    "fields": {
        "Job": 1,
        "image": "jobs_images/1.jpg",
        "is_main": true,
        "is_active": true,
        "created": "2019-01-10T11:51:44Z",
        "updated": "2019-01-10T11:51:44Z"
    }
},
{
    "model": "jobs.jobimage",
    "pk": 2,
    "fields": {
        "Job": 2,
        "image": "jobs_images/1_yxhoFxt.jpg",
        "is_main": true,
        "is_active": true,
        "created": "2019-01-10T11:57:21Z",
        "updated": "2019-01-10T11:57:21Z"
    }
},
{
    "model": "jobs.jobimage",
    "pk": 3,
    "fields": {
        "Job": 4,
        "image": "jobs_images/1_GKawKLM.jpg",
        "is_main": true,
        "is_active": true,
        "created": "2019-01-11T19:59:51Z",
        "updated": "2019-01-11T19:59:51Z"
    }
},
{
    "model": "jobs.jobimage",
    "pk": 5,
    "fields": {
        "Job": 5,
        "image": "jobs_images/0.jpg",
        "is_main": true,
        "is_active": true,
        "created": "2019-01-12T08:45:43Z",
        "updated": "2019-01-12T08:45:43Z"
    }
},
{
    "model": "jobs.jobimage",
    "pk": 6,
    "fields": {
        "Job": 3,
        "image": "jobs_images/1_YoIx06h.jpg",
        "is_main": true,
        "is_active": true,
        "created": "2019-01-17T10:22:49Z",
        "updated": "2019-01-17T10:22:49Z"
    }
},
{
    "model": "jobs.jobimage",
    "pk": 7,
    "fields": {
        "Job": 6,
        "image": "jobs_images/favicon.ico",
        "is_main": true,
        "is_active": true,
        "created": "2019-02-05T00:52:55Z",
        "updated": "2019-02-05T00:52:55Z"
    }
},
{
    "model": "jobs.jobimage",
    "pk": 8,
    "fields": {
        "Job": 7,
        "image": "jobs_images/bbbbbb_1.png",
        "is_main": true,
        "is_active": true,
        "created": "2019-02-05T12:17:12Z",
        "updated": "2019-02-05T12:17:12Z"
    }
},
{
    "model": "jobs.jobimage",
    "pk": 9,
    "fields": {
        "Job": 8,
        "image": "jobs_images/sponsor_gfp_1_11.png",
        "is_main": true,
        "is_active": true,
        "created": "2019-02-15T12:41:13Z",
        "updated": "2019-02-15T12:41:13Z"
    }
},
{
    "model": "jobs.jobimage",
    "pk": 10,
    "fields": {
        "Job": 9,
        "image": "jobs_images/sponsor_gfp_img_2.png",
        "is_main": true,
        "is_active": true,
        "created": "2019-02-20T13:30:56Z",
        "updated": "2019-02-20T13:30:56Z"
    }
},
{
    "model": "auth.permission",
    "pk": 1,
    "fields": {
        "name": "Can add log entry",
        "content_type": 1,
        "codename": "add_logentry"
    }
},
{
    "model": "auth.permission",
    "pk": 2,
    "fields": {
        "name": "Can change log entry",
        "content_type": 1,
        "codename": "change_logentry"
    }
},
{
    "model": "auth.permission",
    "pk": 3,
    "fields": {
        "name": "Can delete log entry",
        "content_type": 1,
        "codename": "delete_logentry"
    }
},
{
    "model": "auth.permission",
    "pk": 4,
    "fields": {
        "name": "Can view log entry",
        "content_type": 1,
        "codename": "view_logentry"
    }
},
{
    "model": "auth.permission",
    "pk": 5,
    "fields": {
        "name": "Can add permission",
        "content_type": 2,
        "codename": "add_permission"
    }
},
{
    "model": "auth.permission",
    "pk": 6,
    "fields": {
        "name": "Can change permission",
        "content_type": 2,
        "codename": "change_permission"
    }
},
{
    "model": "auth.permission",
    "pk": 7,
    "fields": {
        "name": "Can delete permission",
        "content_type": 2,
        "codename": "delete_permission"
    }
},
{
    "model": "auth.permission",
    "pk": 8,
    "fields": {
        "name": "Can view permission",
        "content_type": 2,
        "codename": "view_permission"
    }
},
{
    "model": "auth.permission",
    "pk": 9,
    "fields": {
        "name": "Can add group",
        "content_type": 3,
        "codename": "add_group"
    }
},
{
    "model": "auth.permission",
    "pk": 10,
    "fields": {
        "name": "Can change group",
        "content_type": 3,
        "codename": "change_group"
    }
},
{
    "model": "auth.permission",
    "pk": 11,
    "fields": {
        "name": "Can delete group",
        "content_type": 3,
        "codename": "delete_group"
    }
},
{
    "model": "auth.permission",
    "pk": 12,
    "fields": {
        "name": "Can view group",
        "content_type": 3,
        "codename": "view_group"
    }
},
{
    "model": "auth.permission",
    "pk": 13,
    "fields": {
        "name": "Can add user",
        "content_type": 4,
        "codename": "add_user"
    }
},
{
    "model": "auth.permission",
    "pk": 14,
    "fields": {
        "name": "Can change user",
        "content_type": 4,
        "codename": "change_user"
    }
},
{
    "model": "auth.permission",
    "pk": 15,
    "fields": {
        "name": "Can delete user",
        "content_type": 4,
        "codename": "delete_user"
    }
},
{
    "model": "auth.permission",
    "pk": 16,
    "fields": {
        "name": "Can view user",
        "content_type": 4,
        "codename": "view_user"
    }
},
{
    "model": "auth.permission",
    "pk": 17,
    "fields": {
        "name": "Can add content type",
        "content_type": 5,
        "codename": "add_contenttype"
    }
},
{
    "model": "auth.permission",
    "pk": 18,
    "fields": {
        "name": "Can change content type",
        "content_type": 5,
        "codename": "change_contenttype"
    }
},
{
    "model": "auth.permission",
    "pk": 19,
    "fields": {
        "name": "Can delete content type",
        "content_type": 5,
        "codename": "delete_contenttype"
    }
},
{
    "model": "auth.permission",
    "pk": 20,
    "fields": {
        "name": "Can view content type",
        "content_type": 5,
        "codename": "view_contenttype"
    }
},
{
    "model": "auth.permission",
    "pk": 21,
    "fields": {
        "name": "Can add session",
        "content_type": 6,
        "codename": "add_session"
    }
},
{
    "model": "auth.permission",
    "pk": 22,
    "fields": {
        "name": "Can change session",
        "content_type": 6,
        "codename": "change_session"
    }
},
{
    "model": "auth.permission",
    "pk": 23,
    "fields": {
        "name": "Can delete session",
        "content_type": 6,
        "codename": "delete_session"
    }
},
{
    "model": "auth.permission",
    "pk": 24,
    "fields": {
        "name": "Can view session",
        "content_type": 6,
        "codename": "view_session"
    }
},
{
    "model": "auth.permission",
    "pk": 25,
    "fields": {
        "name": "Can add Subscriber",
        "content_type": 7,
        "codename": "add_subscriber"
    }
},
{
    "model": "auth.permission",
    "pk": 26,
    "fields": {
        "name": "Can change Subscriber",
        "content_type": 7,
        "codename": "change_subscriber"
    }
},
{
    "model": "auth.permission",
    "pk": 27,
    "fields": {
        "name": "Can delete Subscriber",
        "content_type": 7,
        "codename": "delete_subscriber"
    }
},
{
    "model": "auth.permission",
    "pk": 28,
    "fields": {
        "name": "Can view Subscriber",
        "content_type": 7,
        "codename": "view_subscriber"
    }
},
{
    "model": "auth.permission",
    "pk": 29,
    "fields": {
        "name": "Can add \u041a\u0430\u0442\u0435\u0433\u043e\u0440\u0438\u044f \u0432\u0430\u043a\u0430\u043d\u0441\u0438\u0438",
        "content_type": 8,
        "codename": "add_jobcategory"
    }
},
{
    "model": "auth.permission",
    "pk": 30,
    "fields": {
        "name": "Can change \u041a\u0430\u0442\u0435\u0433\u043e\u0440\u0438\u044f \u0432\u0430\u043a\u0430\u043d\u0441\u0438\u0438",
        "content_type": 8,
        "codename": "change_jobcategory"
    }
},
{
    "model": "auth.permission",
    "pk": 31,
    "fields": {
        "name": "Can delete \u041a\u0430\u0442\u0435\u0433\u043e\u0440\u0438\u044f \u0432\u0430\u043a\u0430\u043d\u0441\u0438\u0438",
        "content_type": 8,
        "codename": "delete_jobcategory"
    }
},
{
    "model": "auth.permission",
    "pk": 32,
    "fields": {
        "name": "Can view \u041a\u0430\u0442\u0435\u0433\u043e\u0440\u0438\u044f \u0432\u0430\u043a\u0430\u043d\u0441\u0438\u0438",
        "content_type": 8,
        "codename": "view_jobcategory"
    }
},
{
    "model": "auth.permission",
    "pk": 33,
    "fields": {
        "name": "Can add \u0424\u043e\u0442\u043e\u0433\u0440\u0430\u0444\u0438\u044f",
        "content_type": 9,
        "codename": "add_jobimage"
    }
},
{
    "model": "auth.permission",
    "pk": 34,
    "fields": {
        "name": "Can change \u0424\u043e\u0442\u043e\u0433\u0440\u0430\u0444\u0438\u044f",
        "content_type": 9,
        "codename": "change_jobimage"
    }
},
{
    "model": "auth.permission",
    "pk": 35,
    "fields": {
        "name": "Can delete \u0424\u043e\u0442\u043e\u0433\u0440\u0430\u0444\u0438\u044f",
        "content_type": 9,
        "codename": "delete_jobimage"
    }
},
{
    "model": "auth.permission",
    "pk": 36,
    "fields": {
        "name": "Can view \u0424\u043e\u0442\u043e\u0433\u0440\u0430\u0444\u0438\u044f",
        "content_type": 9,
        "codename": "view_jobimage"
    }
},
{
    "model": "auth.permission",
    "pk": 37,
    "fields": {
        "name": "Can add \u0412\u0430\u043a\u0430\u043d\u0441\u0438\u044f",
        "content_type": 10,
        "codename": "add_job"
    }
},
{
    "model": "auth.permission",
    "pk": 38,
    "fields": {
        "name": "Can change \u0412\u0430\u043a\u0430\u043d\u0441\u0438\u044f",
        "content_type": 10,
        "codename": "change_job"
    }
},
{
    "model": "auth.permission",
    "pk": 39,
    "fields": {
        "name": "Can delete \u0412\u0430\u043a\u0430\u043d\u0441\u0438\u044f",
        "content_type": 10,
        "codename": "delete_job"
    }
},
{
    "model": "auth.permission",
    "pk": 40,
    "fields": {
        "name": "Can view \u0412\u0430\u043a\u0430\u043d\u0441\u0438\u044f",
        "content_type": 10,
        "codename": "view_job"
    }
},
{
    "model": "auth.permission",
    "pk": 41,
    "fields": {
        "name": "Can add \u0421\u043e\u0438\u0441\u043a\u0430\u0442\u0435\u043b\u044c",
        "content_type": 11,
        "codename": "add_job_seeker"
    }
},
{
    "model": "auth.permission",
    "pk": 42,
    "fields": {
        "name": "Can change \u0421\u043e\u0438\u0441\u043a\u0430\u0442\u0435\u043b\u044c",
        "content_type": 11,
        "codename": "change_job_seeker"
    }
},
{
    "model": "auth.permission",
    "pk": 43,
    "fields": {
        "name": "Can delete \u0421\u043e\u0438\u0441\u043a\u0430\u0442\u0435\u043b\u044c",
        "content_type": 11,
        "codename": "delete_job_seeker"
    }
},
{
    "model": "auth.permission",
    "pk": 44,
    "fields": {
        "name": "Can view \u0421\u043e\u0438\u0441\u043a\u0430\u0442\u0435\u043b\u044c",
        "content_type": 11,
        "codename": "view_job_seeker"
    }
},
{
    "model": "auth.permission",
    "pk": 45,
    "fields": {
        "name": "Can add \u0420\u0430\u0431\u043e\u0442\u043e\u0434\u0430\u0442\u0435\u043b\u044c",
        "content_type": 12,
        "codename": "add_employer"
    }
},
{
    "model": "auth.permission",
    "pk": 46,
    "fields": {
        "name": "Can change \u0420\u0430\u0431\u043e\u0442\u043e\u0434\u0430\u0442\u0435\u043b\u044c",
        "content_type": 12,
        "codename": "change_employer"
    }
},
{
    "model": "auth.permission",
    "pk": 47,
    "fields": {
        "name": "Can delete \u0420\u0430\u0431\u043e\u0442\u043e\u0434\u0430\u0442\u0435\u043b\u044c",
        "content_type": 12,
        "codename": "delete_employer"
    }
},
{
    "model": "auth.permission",
    "pk": 48,
    "fields": {
        "name": "Can view \u0420\u0430\u0431\u043e\u0442\u043e\u0434\u0430\u0442\u0435\u043b\u044c",
        "content_type": 12,
        "codename": "view_employer"
    }
},
{
    "model": "auth.user",
    "pk": 1,
    "fields": {
        "password": "pbkdf2_sha256$120000$3h232w8ZFmzU$zb09Z0PhJokhXBVmPDeroT+6OO4tUbQZeMJy5594Qws=",
        "last_login": "2019-02-20T21:32:25.141Z",
        "is_superuser": true,
        "username": "admin",
        "first_name": "",
        "last_name": "",
        "email": "echorisestudio@gmail.com",
        "is_staff": true,
        "is_active": true,
        "date_joined": "2018-12-18T19:31:32.524Z",
        "groups": [],
        "user_permissions": []
    }
},
{
    "model": "admin.logentry",
    "pk": 1,
    "fields": {
        "action_time": "2018-12-19T13:19:33.591Z",
        "user": 1,
        "content_type": 11,
        "object_id": "1",
        "object_repr": "\u0421\u043e\u0438\u0441\u043a\u0430\u0442\u0435\u043b\u044c \u041f\u0430\u0432\u0435\u043b, email: echorisestudio@gmail.com, \u0442\u0435\u043b\u0435\u0444\u043e\u043d: 8-950-879-08-81",
        "action_flag": 2,
        "change_message": "[{\"changed\": {\"fields\": [\"job_seeker_message\"]}}]"
    }
},
{
    "model": "admin.logentry",
    "pk": 2,
    "fields": {
        "action_time": "2018-12-20T12:30:31.051Z",
        "user": 1,
        "content_type": 8,
        "object_id": "1",
        "object_repr": "\u0423\u0431\u043e\u0440\u043a\u0430 \u0438 \u0431\u043b\u0430\u0433\u043e\u0443\u0441\u0442\u0440\u043e\u0439\u0441\u0442\u0432\u043e \u0442\u0435\u0440\u0440\u0438\u0442\u043e\u0440\u0438\u0438",
        "action_flag": 1,
        "change_message": "[{\"added\": {}}]"
    }
},
{
    "model": "admin.logentry",
    "pk": 3,
    "fields": {
        "action_time": "2018-12-20T12:31:26.332Z",
        "user": 1,
        "content_type": 10,
        "object_id": "1",
        "object_repr": "\u0423\u0431\u043e\u0440\u043a\u0430 \u0438 \u0431\u043b\u0430\u0433\u043e\u0443\u0441\u0442\u0440\u043e\u0439\u0441\u0442\u0432\u043e \u0442\u0435\u0440\u0440\u0438\u0442\u043e\u0440\u0438\u0438",
        "action_flag": 1,
        "change_message": "[{\"added\": {}}]"
    }
},
{
    "model": "admin.logentry",
    "pk": 4,
    "fields": {
        "action_time": "2018-12-20T14:31:27.522Z",
        "user": 1,
        "content_type": 11,
        "object_id": "4",
        "object_repr": "\u0421\u043e\u0438\u0441\u043a\u0430\u0442\u0435\u043b\u044c \u041f\u0435\u0442\u044f, email: aspi@gmail.com, \u0442\u0435\u043b\u0435\u0444\u043e\u043d: 888888888",
        "action_flag": 1,
        "change_message": "[{\"added\": {}}]"
    }
},
{
    "model": "admin.logentry",
    "pk": 5,
    "fields": {
        "action_time": "2018-12-20T14:51:43.172Z",
        "user": 1,
        "content_type": 8,
        "object_id": "2",
        "object_repr": "\u041c\u043e\u043d\u0442\u0430\u0436\u043d\u044b\u0435 \u0440\u0430\u0431\u043e\u0442\u044b",
        "action_flag": 1,
        "change_message": "[{\"added\": {}}]"
    }
},
{
    "model": "admin.logentry",
    "pk": 6,
    "fields": {
        "action_time": "2018-12-28T00:17:12.369Z",
        "user": 1,
        "content_type": 11,
        "object_id": "1",
        "object_repr": "\u0421\u043e\u0438\u0441\u043a\u0430\u0442\u0435\u043b\u044c \u041f\u0430\u0432\u0435\u043b, email: echorisestudio@gmail.com, \u0442\u0435\u043b\u0435\u0444\u043e\u043d: 8-950-879-08-81",
        "action_flag": 2,
        "change_message": "[{\"changed\": {\"fields\": [\"is_active\"]}}]"
    }
},
{
    "model": "admin.logentry",
    "pk": 7,
    "fields": {
        "action_time": "2018-12-28T00:17:18.979Z",
        "user": 1,
        "content_type": 11,
        "object_id": "2",
        "object_repr": "\u0421\u043e\u0438\u0441\u043a\u0430\u0442\u0435\u043b\u044c \u0410\u043b\u0435\u043a\u0441\u0430\u043d\u0434\u0440, email: ivan@yandex.ru, \u0442\u0435\u043b\u0435\u0444\u043e\u043d: 8-800-555-35-35",
        "action_flag": 2,
        "change_message": "[{\"changed\": {\"fields\": [\"is_active\"]}}]"
    }
},
{
    "model": "admin.logentry",
    "pk": 8,
    "fields": {
        "action_time": "2018-12-28T00:17:23.726Z",
        "user": 1,
        "content_type": 11,
        "object_id": "3",
        "object_repr": "\u0421\u043e\u0438\u0441\u043a\u0430\u0442\u0435\u043b\u044c \u041a\u0430\u0442\u044f, email: kate@gmail.com, \u0442\u0435\u043b\u0435\u0444\u043e\u043d: 8-800-355-90-89",
        "action_flag": 2,
        "change_message": "[{\"changed\": {\"fields\": [\"is_active\"]}}]"
    }
},
{
    "model": "admin.logentry",
    "pk": 9,
    "fields": {
        "action_time": "2018-12-28T00:17:28.088Z",
        "user": 1,
        "content_type": 11,
        "object_id": "4",
        "object_repr": "\u0421\u043e\u0438\u0441\u043a\u0430\u0442\u0435\u043b\u044c \u041f\u0435\u0442\u044f, email: aspi@gmail.com, \u0442\u0435\u043b\u0435\u0444\u043e\u043d: 888888888",
        "action_flag": 2,
        "change_message": "[{\"changed\": {\"fields\": [\"is_active\"]}}]"
    }
},
{
    "model": "admin.logentry",
    "pk": 10,
    "fields": {
        "action_time": "2019-01-09T21:37:30.631Z",
        "user": 1,
        "content_type": 11,
        "object_id": "1",
        "object_repr": "\u0421\u043e\u0438\u0441\u043a\u0430\u0442\u0435\u043b\u044c \u041f\u0430\u0432\u0435\u043b, email: echorisestudio@gmail.com, \u0442\u0435\u043b\u0435\u0444\u043e\u043d: 8-950-879-08-81",
        "action_flag": 2,
        "change_message": "[{\"changed\": {\"fields\": [\"is_active\"]}}]"
    }
},
{
    "model": "admin.logentry",
    "pk": 11,
    "fields": {
        "action_time": "2019-01-09T21:37:50.759Z",
        "user": 1,
        "content_type": 11,
        "object_id": "1",
        "object_repr": "\u0421\u043e\u0438\u0441\u043a\u0430\u0442\u0435\u043b\u044c \u041f\u0430\u0432\u0435\u043b, email: echorisestudio@gmail.com, \u0442\u0435\u043b\u0435\u0444\u043e\u043d: 8-950-879-08-81",
        "action_flag": 2,
        "change_message": "[{\"changed\": {\"fields\": [\"is_active\"]}}]"
    }
},
{
    "model": "admin.logentry",
    "pk": 12,
    "fields": {
        "action_time": "2019-01-10T11:24:09.818Z",
        "user": 1,
        "content_type": 10,
        "object_id": "1",
        "object_repr": "\u0423\u0431\u043e\u0440\u043a\u0430 \u0438 \u0431\u043b\u0430\u0433\u043e\u0443\u0441\u0442\u0440\u043e\u0439\u0441\u0442\u0432\u043e \u0442\u0435\u0440\u0440\u0438\u0442\u043e\u0440\u0438\u0438",
        "action_flag": 2,
        "change_message": "[]"
    }
},
{
    "model": "admin.logentry",
    "pk": 13,
    "fields": {
        "action_time": "2019-01-10T11:52:13.544Z",
        "user": 1,
        "content_type": 10,
        "object_id": "1",
        "object_repr": "\u0423\u0431\u043e\u0440\u043a\u0430 \u0438 \u0431\u043b\u0430\u0433\u043e\u0443\u0441\u0442\u0440\u043e\u0439\u0441\u0442\u0432\u043e \u0442\u0435\u0440\u0440\u0438\u0442\u043e\u0440\u0438\u0438",
        "action_flag": 2,
        "change_message": "[{\"added\": {\"name\": \"\\u0424\\u043e\\u0442\\u043e\\u0433\\u0440\\u0430\\u0444\\u0438\\u044f\", \"object\": \"1\"}}]"
    }
},
{
    "model": "admin.logentry",
    "pk": 14,
    "fields": {
        "action_time": "2019-01-10T11:58:23.778Z",
        "user": 1,
        "content_type": 10,
        "object_id": "2",
        "object_repr": "True",
        "action_flag": 1,
        "change_message": "[{\"added\": {}}, {\"added\": {\"name\": \"\\u0424\\u043e\\u0442\\u043e\\u0433\\u0440\\u0430\\u0444\\u0438\\u044f\", \"object\": \"2\"}}]"
    }
},
{
    "model": "admin.logentry",
    "pk": 15,
    "fields": {
        "action_time": "2019-01-10T11:59:39.802Z",
        "user": 1,
        "content_type": 10,
        "object_id": "2",
        "object_repr": "\u041c\u043e\u043d\u0442\u0430\u0436\u043d\u044b\u0435 \u0440\u0430\u0431\u043e\u0442\u044b",
        "action_flag": 2,
        "change_message": "[{\"changed\": {\"fields\": [\"name\"]}}]"
    }
},
{
    "model": "admin.logentry",
    "pk": 16,
    "fields": {
        "action_time": "2019-01-10T20:39:41.537Z",
        "user": 1,
        "content_type": 10,
        "object_id": "1",
        "object_repr": "\u0423\u0431\u043e\u0440\u043a\u0430 \u0438 \u0431\u043b\u0430\u0433\u043e\u0443\u0441\u0442\u0440\u043e\u0439\u0441\u0442\u0432\u043e \u0442\u0435\u0440\u0440\u0438\u0442\u043e\u0440\u0438\u0438",
        "action_flag": 2,
        "change_message": "[{\"changed\": {\"fields\": [\"is_active\"]}}]"
    }
},
{
    "model": "admin.logentry",
    "pk": 17,
    "fields": {
        "action_time": "2019-01-10T20:40:17.148Z",
        "user": 1,
        "content_type": 10,
        "object_id": "1",
        "object_repr": "\u0423\u0431\u043e\u0440\u043a\u0430 \u0438 \u0431\u043b\u0430\u0433\u043e\u0443\u0441\u0442\u0440\u043e\u0439\u0441\u0442\u0432\u043e \u0442\u0435\u0440\u0440\u0438\u0442\u043e\u0440\u0438\u0438",
        "action_flag": 2,
        "change_message": "[{\"changed\": {\"fields\": [\"is_active\"]}}]"
    }
},
{
    "model": "admin.logentry",
    "pk": 18,
    "fields": {
        "action_time": "2019-01-10T20:58:59.378Z",
        "user": 1,
        "content_type": 8,
        "object_id": "3",
        "object_repr": "\u0412\u043e\u0434\u0438\u0442\u0435\u043b\u0438",
        "action_flag": 1,
        "change_message": "[{\"added\": {}}]"
    }
},
{
    "model": "admin.logentry",
    "pk": 19,
    "fields": {
        "action_time": "2019-01-10T21:02:24.952Z",
        "user": 1,
        "content_type": 10,
        "object_id": "3",
        "object_repr": "\u0412\u043e\u0434\u0438\u0442\u0435\u043b\u0438",
        "action_flag": 1,
        "change_message": "[{\"added\": {}}]"
    }
},
{
    "model": "admin.logentry",
    "pk": 20,
    "fields": {
        "action_time": "2019-01-11T20:00:50.567Z",
        "user": 1,
        "content_type": 10,
        "object_id": "4",
        "object_repr": "\u041e\u0411\u0429\u0418\u0415 \u0422\u0420\u0415\u0411\u041e\u0412\u0410\u041d\u0418\u042f: - \u041f\u041e\u0414\u0427\u0418\u041d\u042f\u0415\u041c\u041e\u0421\u0422\u042c \u041d\u0415\u041f\u041e\u0421\u0420\u0415\u0414\u0421\u0422\u0412\u0415\u041d\u041d\u042b\u041c \u0420\u0423\u041a\u041e\u0412\u041e\u0414\u0418\u0422\u0415\u041b\u042f\u041c, (\u041f\u0420\u041e\u0420\u0410\u0411, \u041c\u0410\u0421\u0422\u0415\u0420) - \u0420\u0410\u0411\u041e\u0427\u0418\u0419 \u0414\u0415\u041d\u042c \u0421 7.00 \u0414\u041e 19.00 , \u041f\u0415\u0420\u0415\u0420\u042b\u0412 \u0421 13.00 \u0414\u041e 14.00 \u0427. - 6 \u0414\u041d\u0415\u0412\u041d\u0410\u042f \u0420\u0410\u0411\u041e\u0427\u0410\u042f \u041d\u0415\u0414\u0415\u041b\u042f - \u0410\u0411\u0421\u041e\u041b\u042e\u0422\u041d\u041e\u0415 \u0418\u0421\u041a\u041b\u042e\u0427\u0415\u041d\u0418\u0415 \u0423\u041f\u041e\u0422\u0420",
        "action_flag": 1,
        "change_message": "[{\"added\": {}}, {\"added\": {\"name\": \"\\u0424\\u043e\\u0442\\u043e\\u0433\\u0440\\u0430\\u0444\\u0438\\u044f\", \"object\": \"3\"}}]"
    }
},
{
    "model": "admin.logentry",
    "pk": 21,
    "fields": {
        "action_time": "2019-01-12T08:12:37.170Z",
        "user": 1,
        "content_type": 11,
        "object_id": "5",
        "object_repr": "\u0421\u043e\u0438\u0441\u043a\u0430\u0442\u0435\u043b\u044c \u041f\u0430\u0432\u0435\u043b, email: aspirpd@gmail.com, \u0442\u0435\u043b\u0435\u0444\u043e\u043d: 8-950-879-0881",
        "action_flag": 2,
        "change_message": "[{\"changed\": {\"fields\": [\"is_active\"]}}]"
    }
},
{
    "model": "admin.logentry",
    "pk": 22,
    "fields": {
        "action_time": "2019-01-12T08:13:16.463Z",
        "user": 1,
        "content_type": 11,
        "object_id": "3",
        "object_repr": "\u0421\u043e\u0438\u0441\u043a\u0430\u0442\u0435\u043b\u044c \u041a\u0430\u0442\u044f, email: kate@gmail.com, \u0442\u0435\u043b\u0435\u0444\u043e\u043d: 8-800-355-90-89",
        "action_flag": 2,
        "change_message": "[{\"changed\": {\"fields\": [\"is_active\"]}}]"
    }
},
{
    "model": "admin.logentry",
    "pk": 23,
    "fields": {
        "action_time": "2019-01-12T08:13:34.647Z",
        "user": 1,
        "content_type": 11,
        "object_id": "3",
        "object_repr": "\u0421\u043e\u0438\u0441\u043a\u0430\u0442\u0435\u043b\u044c \u041a\u0430\u0442\u044f, email: kate@gmail.com, \u0442\u0435\u043b\u0435\u0444\u043e\u043d: 8-800-355-90-89",
        "action_flag": 2,
        "change_message": "[{\"changed\": {\"fields\": [\"is_active\"]}}]"
    }
},
{
    "model": "admin.logentry",
    "pk": 24,
    "fields": {
        "action_time": "2019-01-12T08:13:53.492Z",
        "user": 1,
        "content_type": 11,
        "object_id": "5",
        "object_repr": "\u0421\u043e\u0438\u0441\u043a\u0430\u0442\u0435\u043b\u044c \u041f\u0430\u0432\u0435\u043b, email: aspirpd@gmail.com, \u0442\u0435\u043b\u0435\u0444\u043e\u043d: 8-950-879-0881",
        "action_flag": 3,
        "change_message": ""
    }
},
{
    "model": "admin.logentry",
    "pk": 25,
    "fields": {
        "action_time": "2019-01-12T08:14:14.878Z",
        "user": 1,
        "content_type": 11,
        "object_id": "4",
        "object_repr": "\u0421\u043e\u0438\u0441\u043a\u0430\u0442\u0435\u043b\u044c \u041f\u0435\u0442\u044f, email: aspi@gmail.com, \u0442\u0435\u043b\u0435\u0444\u043e\u043d: 888888888",
        "action_flag": 3,
        "change_message": ""
    }
},
{
    "model": "admin.logentry",
    "pk": 26,
    "fields": {
        "action_time": "2019-01-12T08:20:09.052Z",
        "user": 1,
        "content_type": 11,
        "object_id": "6",
        "object_repr": "\u0421\u043e\u0438\u0441\u043a\u0430\u0442\u0435\u043b\u044c \u041f\u0435\u0442\u0440\u043e\u0432, email: aspirpd@gmail.com, \u0442\u0435\u043b\u0435\u0444\u043e\u043d: 8-950-879-0881",
        "action_flag": 2,
        "change_message": "[]"
    }
},
{
    "model": "admin.logentry",
    "pk": 27,
    "fields": {
        "action_time": "2019-01-12T08:30:58.361Z",
        "user": 1,
        "content_type": 10,
        "object_id": "1",
        "object_repr": "\u041e\u0431\u0449\u0438\u0435 \u0442\u0440\u0435\u0431\u043e\u0432\u0430\u043d\u0438\u044f:\r\n\r\n- \u043f\u043e\u0434\u0447\u0438\u043d\u044f\u0435\u043c\u043e\u0441\u0442\u044c \u043d\u0435\u043f\u043e\u0441\u0440\u0435\u0434\u0441\u0442\u0432\u0435\u043d\u043d\u044b\u043c \u0440\u0443\u043a\u043e\u0432\u043e\u0434\u0438\u0442\u0435\u043b\u044f\u043c, (\u043f\u0440\u043e\u0440\u0430\u0431, \u043c\u0430\u0441\u0442\u0435\u0440)\r\n\r\n- \u0440\u0430\u0431\u043e\u0447\u0438\u0439 \u0434\u0435\u043d\u044c \u0441 7.00 \u0434\u043e 19.00 , \u043f\u0435\u0440\u0435\u0440\u044b\u0432 \u0441 13.00 \u0434\u043e 14.00 \u0447.\r\n\r\n- 6 \u0434\u043d\u0435\u0432\u043d\u0430\u044f \u0440\u0430\u0431\u043e\u0447\u0430\u044f \u043d\u0435\u0434\u0435\u043b\u044f\r\n\r\n- \u0430\u0431\u0441\u043e\u043b\u044e\u0442\u043d\u043e\u0435 \u0438\u0441\u043a\u043b",
        "action_flag": 2,
        "change_message": "[{\"changed\": {\"fields\": [\"name\"]}}]"
    }
},
{
    "model": "admin.logentry",
    "pk": 28,
    "fields": {
        "action_time": "2019-01-12T08:32:04.886Z",
        "user": 1,
        "content_type": 10,
        "object_id": "1",
        "object_repr": "\u041e\u0431\u0449\u0438\u0435 \u0442\u0440\u0435\u0431\u043e\u0432\u0430\u043d\u0438\u044f:\r\n\r\n- \u043f\u043e\u0434\u0447\u0438\u043d\u044f\u0435\u043c\u043e\u0441\u0442\u044c \u043d\u0435\u043f\u043e\u0441\u0440\u0435\u0434\u0441\u0442\u0432\u0435\u043d\u043d\u044b\u043c \u0440\u0443\u043a\u043e\u0432\u043e\u0434\u0438\u0442\u0435\u043b\u044f\u043c, (\u043f\u0440\u043e\u0440\u0430\u0431, \u043c\u0430\u0441\u0442\u0435\u0440)\r\n\r\n- \u0440\u0430\u0431\u043e\u0447\u0438\u0439 \u0434\u0435\u043d\u044c \u0441 7.00 \u0434\u043e 19.00 , \u043f\u0435\u0440\u0435\u0440\u044b\u0432 \u0441 13.00 \u0434\u043e 14.00 \u0447.\r\n\r\n- 6 \u0434\u043d\u0435\u0432\u043d\u0430\u044f \u0440\u0430\u0431\u043e\u0447\u0430\u044f \u043d\u0435\u0434\u0435\u043b\u044f\r\n\r\n- \u0430\u0431\u0441\u043e\u043b\u044e\u0442\u043d\u043e\u0435 \u0438\u0441\u043a\u043b",
        "action_flag": 2,
        "change_message": "[]"
    }
},
{
    "model": "admin.logentry",
    "pk": 29,
    "fields": {
        "action_time": "2019-01-12T08:32:41.283Z",
        "user": 1,
        "content_type": 10,
        "object_id": "1",
        "object_repr": "\u041e\u0431\u0449\u0438\u0435 \u0442\u0440\u0435\u0431\u043e\u0432\u0430\u043d\u0438\u044f:\r\n\r\n- \u043f\u043e\u0434\u0447\u0438\u043d\u044f\u0435\u043c\u043e\u0441\u0442\u044c \u043d\u0435\u043f\u043e\u0441\u0440\u0435\u0434\u0441\u0442\u0432\u0435\u043d\u043d\u044b\u043c \u0440\u0443\u043a\u043e\u0432\u043e\u0434\u0438\u0442\u0435\u043b\u044f\u043c, (\u043f\u0440\u043e\u0440\u0430\u0431, \u043c\u0430\u0441\u0442\u0435\u0440)\r\n\r\n- \u0440\u0430\u0431\u043e\u0447\u0438\u0439 \u0434\u0435\u043d\u044c \u0441 7.00 \u0434\u043e 19.00 , \u043f\u0435\u0440\u0435\u0440\u044b\u0432 \u0441 13.00 \u0434\u043e 14.00 \u0447.\r\n\r\n- 6 \u0434\u043d\u0435\u0432\u043d\u0430\u044f \u0440\u0430\u0431\u043e\u0447\u0430\u044f \u043d\u0435\u0434\u0435\u043b\u044f\r\n\r\n- \u0430\u0431\u0441\u043e\u043b\u044e\u0442\u043d\u043e\u0435 \u0438\u0441\u043a\u043b",
        "action_flag": 2,
        "change_message": "[{\"changed\": {\"fields\": [\"updated\"]}}]"
    }
},
{
    "model": "admin.logentry",
    "pk": 30,
    "fields": {
        "action_time": "2019-01-12T08:36:47.101Z",
        "user": 1,
        "content_type": 10,
        "object_id": "1",
        "object_repr": "\u041e\u0431\u0449\u0438\u0435 \u0442\u0440\u0435\u0431\u043e\u0432\u0430\u043d\u0438\u044f:\r\n\r\n- \u043f\u043e\u0434\u0447\u0438\u043d\u044f\u0435\u043c\u043e\u0441\u0442\u044c \u043d\u0435\u043f\u043e\u0441\u0440\u0435\u0434\u0441\u0442\u0432\u0435\u043d\u043d\u044b\u043c \u0440\u0443\u043a\u043e\u0432\u043e\u0434\u0438\u0442\u0435\u043b\u044f\u043c, (\u043f\u0440\u043e\u0440\u0430\u0431, \u043c\u0430\u0441\u0442\u0435\u0440)\r\n\r\n- \u0440\u0430\u0431\u043e\u0447\u0438\u0439 \u0434\u0435\u043d\u044c \u0441 7.00 \u0434\u043e 19.00 , \u043f\u0435\u0440\u0435\u0440\u044b\u0432 \u0441 13.00 \u0434\u043e 14.00 \u0447.\r\n\r\n- 6 \u0434\u043d\u0435\u0432\u043d\u0430\u044f \u0440\u0430\u0431\u043e\u0447\u0430\u044f \u043d\u0435\u0434\u0435\u043b\u044f\r\n\r\n- \u0430\u0431\u0441\u043e\u043b\u044e\u0442\u043d\u043e\u0435 \u0438\u0441\u043a\u043b",
        "action_flag": 2,
        "change_message": "[{\"changed\": {\"fields\": [\"updated\"]}}]"
    }
},
{
    "model": "admin.logentry",
    "pk": 31,
    "fields": {
        "action_time": "2019-01-12T08:37:29.053Z",
        "user": 1,
        "content_type": 10,
        "object_id": "1",
        "object_repr": "\u041e\u0431\u0449\u0438\u0435 \u0442\u0440\u0435\u0431\u043e\u0432\u0430\u043d\u0438\u044f:\r\n\r\n- \u043f\u043e\u0434\u0447\u0438\u043d\u044f\u0435\u043c\u043e\u0441\u0442\u044c \u043d\u0435\u043f\u043e\u0441\u0440\u0435\u0434\u0441\u0442\u0432\u0435\u043d\u043d\u044b\u043c \u0440\u0443\u043a\u043e\u0432\u043e\u0434\u0438\u0442\u0435\u043b\u044f\u043c, (\u043f\u0440\u043e\u0440\u0430\u0431, \u043c\u0430\u0441\u0442\u0435\u0440)\r\n\r\n- \u0440\u0430\u0431\u043e\u0447\u0438\u0439 \u0434\u0435\u043d\u044c \u0441 7.00 \u0434\u043e 19.00 , \u043f\u0435\u0440\u0435\u0440\u044b\u0432 \u0441 13.00 \u0434\u043e 14.00 \u0447.\r\n\r\n- 6 \u0434\u043d\u0435\u0432\u043d\u0430\u044f \u0440\u0430\u0431\u043e\u0447\u0430\u044f \u043d\u0435\u0434\u0435\u043b\u044f\r\n\r\n- \u0430\u0431\u0441\u043e\u043b\u044e\u0442\u043d\u043e\u0435 \u0438\u0441\u043a\u043b",
        "action_flag": 2,
        "change_message": "[{\"changed\": {\"fields\": [\"name\", \"price\"]}}]"
    }
},
{
    "model": "admin.logentry",
    "pk": 32,
    "fields": {
        "action_time": "2019-01-12T08:45:11.745Z",
        "user": 1,
        "content_type": 10,
        "object_id": "5",
        "object_repr": "\u041e\u043e\u043e\u043e\u043e\u043e\u043e\u043e\u043e\u043e",
        "action_flag": 1,
        "change_message": "[{\"added\": {}}, {\"added\": {\"name\": \"\\u0424\\u043e\\u0442\\u043e\\u0433\\u0440\\u0430\\u0444\\u0438\\u044f\", \"object\": \"4\"}}]"
    }
},
{
    "model": "admin.logentry",
    "pk": 33,
    "fields": {
        "action_time": "2019-01-12T08:45:40.128Z",
        "user": 1,
        "content_type": 10,
        "object_id": "5",
        "object_repr": "\u041e\u043e\u043e\u043e\u043e\u043e\u043e\u043e\u043e\u043e",
        "action_flag": 2,
        "change_message": "[{\"deleted\": {\"name\": \"\\u0424\\u043e\\u0442\\u043e\\u0433\\u0440\\u0430\\u0444\\u0438\\u044f\", \"object\": \"None\"}}]"
    }
},
{
    "model": "admin.logentry",
    "pk": 34,
    "fields": {
        "action_time": "2019-01-12T08:45:55.703Z",
        "user": 1,
        "content_type": 10,
        "object_id": "5",
        "object_repr": "\u041e\u043e\u043e\u043e\u043e\u043e\u043e\u043e\u043e\u043e",
        "action_flag": 2,
        "change_message": "[{\"added\": {\"name\": \"\\u0424\\u043e\\u0442\\u043e\\u0433\\u0440\\u0430\\u0444\\u0438\\u044f\", \"object\": \"5\"}}]"
    }
},
{
    "model": "admin.logentry",
    "pk": 35,
    "fields": {
        "action_time": "2019-01-12T11:36:21.752Z",
        "user": 1,
        "content_type": 10,
        "object_id": "4",
        "object_repr": "\u041e\u0411\u0429\u0418\u0415 \u0422\u0420\u0415\u0411\u041e\u0412\u0410\u041d\u0418\u042f: - \u041f\u041e\u0414\u0427\u0418\u041d\u042f\u0415\u041c\u041e\u0421\u0422\u042c \u041d\u0415\u041f\u041e\u0421\u0420\u0415\u0414\u0421\u0422\u0412\u0415\u041d\u041d\u042b\u041c \u0420\u0423\u041a\u041e\u0412\u041e\u0414\u0418\u0422\u0415\u041b\u042f\u041c, (\u041f\u0420\u041e\u0420\u0410\u0411, \u041c\u0410\u0421\u0422\u0415\u0420) - \u0420\u0410\u0411\u041e\u0427\u0418\u0419 \u0414\u0415\u041d\u042c \u0421 7.00 \u0414\u041e 19.00 , \u041f\u0415\u0420\u0415\u0420\u042b\u0412 \u0421 13.00 \u0414\u041e 14.00 \u0427. - 6 \u0414\u041d\u0415\u0412\u041d\u0410\u042f \u0420\u0410\u0411\u041e\u0427\u0410\u042f \u041d\u0415\u0414\u0415\u041b\u042f - \u0410\u0411\u0421\u041e\u041b\u042e\u0422\u041d\u041e\u0415 \u0418\u0421\u041a\u041b\u042e\u0427\u0415\u041d\u0418\u0415 \u0423\u041f\u041e\u0422\u0420",
        "action_flag": 2,
        "change_message": "[{\"changed\": {\"fields\": [\"is_active\"]}}]"
    }
},
{
    "model": "admin.logentry",
    "pk": 36,
    "fields": {
        "action_time": "2019-01-13T14:21:34.974Z",
        "user": 1,
        "content_type": 10,
        "object_id": "4",
        "object_repr": "\u041e\u0411\u0429\u0418\u0415 \u0422\u0420\u0415\u0411\u041e\u0412\u0410\u041d\u0418\u042f: - \u041f\u041e\u0414\u0427\u0418\u041d\u042f\u0415\u041c\u041e\u0421\u0422\u042c \u041d\u0415\u041f\u041e\u0421\u0420\u0415\u0414\u0421\u0422\u0412\u0415\u041d\u041d\u042b\u041c \u0420\u0423\u041a\u041e\u0412\u041e\u0414\u0418\u0422\u0415\u041b\u042f\u041c, (\u041f\u0420\u041e\u0420\u0410\u0411, \u041c\u0410\u0421\u0422\u0415\u0420) - \u0420\u0410\u0411\u041e\u0427\u0418\u0419 \u0414\u0415\u041d\u042c \u0421 7.00 \u0414\u041e 19.00 , \u041f\u0415\u0420\u0415\u0420\u042b\u0412 \u0421 13.00 \u0414\u041e 14.00 \u0427. - 6 \u0414\u041d\u0415\u0412\u041d\u0410\u042f \u0420\u0410\u0411\u041e\u0427\u0410\u042f \u041d\u0415\u0414\u0415\u041b\u042f - \u0410\u0411\u0421\u041e\u041b\u042e\u0422\u041d\u041e\u0415 \u0418\u0421\u041a\u041b\u042e\u0427\u0415\u041d\u0418\u0415 \u0423\u041f\u041e\u0422\u0420",
        "action_flag": 2,
        "change_message": "[{\"changed\": {\"fields\": [\"is_active\"]}}]"
    }
},
{
    "model": "admin.logentry",
    "pk": 37,
    "fields": {
        "action_time": "2019-01-17T10:22:58.765Z",
        "user": 1,
        "content_type": 10,
        "object_id": "3",
        "object_repr": "\u041e\u0431\u0449\u0438\u0435 \u0442\u0440\u0435\u0431\u043e\u0432\u0430\u043d\u0438\u044f:\r\n\r\n- \u043f\u043e\u0434\u0447\u0438\u043d\u044f\u0435\u043c\u043e\u0441\u0442\u044c \u043d\u0435\u043f\u043e\u0441\u0440\u0435\u0434\u0441\u0442\u0432\u0435\u043d\u043d\u044b\u043c \u0440\u0443\u043a\u043e\u0432\u043e\u0434\u0438\u0442\u0435\u043b\u044f\u043c, (\u043f\u0440\u043e\u0440\u0430\u0431, \u043c\u0430\u0441\u0442\u0435\u0440)\r\n\r\n- \u0440\u0430\u0431\u043e\u0447\u0438\u0439 \u0434\u0435\u043d\u044c \u0441 8.00 \u0434\u043e 18.00 \u0434\u043b\u044f \u0441\u043e\u0442\u0440\u0443\u0434\u043d\u0438\u043a\u043e\u0432 \u043d\u0430 \u043e\u043a\u043b\u0430\u0434\u0435, \u043f\u0435\u0440\u0435\u0440\u044b\u0432 \u0441 13.00 \u0434\u043e 14.00 \u0447.\r\n\r\n- 6 \u0434\u043d\u0435\u0432\u043d\u0430\u044f \u0440\u0430\u0431\u043e\u0447\u0430\u044f \u043d\u0435",
        "action_flag": 2,
        "change_message": "[{\"added\": {\"name\": \"\\u0424\\u043e\\u0442\\u043e\\u0433\\u0440\\u0430\\u0444\\u0438\\u044f\", \"object\": \"6\"}}]"
    }
},
{
    "model": "admin.logentry",
    "pk": 38,
    "fields": {
        "action_time": "2019-01-17T10:24:14.311Z",
        "user": 1,
        "content_type": 10,
        "object_id": "3",
        "object_repr": "\u041e\u0431\u0449\u0438\u0435 \u0442\u0440\u0435\u0431\u043e\u0432\u0430\u043d\u0438\u044f:\r\n\r\n- \u043f\u043e\u0434\u0447\u0438\u043d\u044f\u0435\u043c\u043e\u0441\u0442\u044c \u043d\u0435\u043f\u043e\u0441\u0440\u0435\u0434\u0441\u0442\u0432\u0435\u043d\u043d\u044b\u043c \u0440\u0443\u043a\u043e\u0432\u043e\u0434\u0438\u0442\u0435\u043b\u044f\u043c, (\u043f\u0440\u043e\u0440\u0430\u0431, \u043c\u0430\u0441\u0442\u0435\u0440)\r\n\r\n- \u0440\u0430\u0431\u043e\u0447\u0438\u0439 \u0434\u0435\u043d\u044c \u0441 8.00 \u0434\u043e 18.00 \u0434\u043b\u044f \u0441\u043e\u0442\u0440\u0443\u0434\u043d\u0438\u043a\u043e\u0432 \u043d\u0430 \u043e\u043a\u043b\u0430\u0434\u0435, \u043f\u0435\u0440\u0435\u0440\u044b\u0432 \u0441 13.00 \u0434\u043e 14.00 \u0447.\r\n\r\n- 6 \u0434\u043d\u0435\u0432\u043d\u0430\u044f \u0440\u0430\u0431\u043e\u0447\u0430\u044f \u043d\u0435",
        "action_flag": 2,
        "change_message": "[{\"changed\": {\"name\": \"\\u0424\\u043e\\u0442\\u043e\\u0433\\u0440\\u0430\\u0444\\u0438\\u044f\", \"object\": \"6\", \"fields\": [\"is_main\"]}}]"
    }
},
{
    "model": "admin.logentry",
    "pk": 39,
    "fields": {
        "action_time": "2019-01-28T08:56:51.243Z",
        "user": 1,
        "content_type": 10,
        "object_id": "1",
        "object_repr": "\u041e\u0431\u0449\u0438\u0435 \u0442\u0440\u0435\u0431\u043e\u0432\u0430\u043d\u0438\u044f:\r\n\r\n- \u043f\u043e\u0434\u0447\u0438\u043d\u044f\u0435\u043c\u043e\u0441\u0442\u044c \u043d\u0435\u043f\u043e\u0441\u0440\u0435\u0434\u0441\u0442\u0432\u0435\u043d\u043d\u044b\u043c \u0440\u0443\u043a\u043e\u0432\u043e\u0434\u0438\u0442\u0435\u043b\u044f\u043c, (\u043f\u0440\u043e\u0440\u0430\u0431, \u043c\u0430\u0441\u0442\u0435\u0440)\r\n\r\n- \u0440\u0430\u0431\u043e\u0447\u0438\u0439 \u0434\u0435\u043d\u044c \u0441 7.00 \u0434\u043e 19.00 , \u043f\u0435\u0440\u0435\u0440\u044b\u0432 \u0441 13.00 \u0434\u043e 14.00 \u0447.\r\n\r\n- 6 \u0434\u043d\u0435\u0432\u043d\u0430\u044f \u0440\u0430\u0431\u043e\u0447\u0430\u044f \u043d\u0435\u0434\u0435\u043b\u044f\r\n\r\n- \u0430\u0431\u0441\u043e\u043b\u044e\u0442\u043d\u043e\u0435 \u0438\u0441\u043a\u043b",
        "action_flag": 2,
        "change_message": "[{\"changed\": {\"fields\": [\"name\"]}}]"
    }
},
{
    "model": "admin.logentry",
    "pk": 40,
    "fields": {
        "action_time": "2019-01-28T08:57:08.517Z",
        "user": 1,
        "content_type": 10,
        "object_id": "4",
        "object_repr": "\u041e\u0411\u0429\u0418\u0415 \u0422\u0420\u0415\u0411\u041e\u0412\u0410\u041d\u0418\u042f: - \u041f\u041e\u0414\u0427\u0418\u041d\u042f\u0415\u041c\u041e\u0421\u0422\u042c \u041d\u0415\u041f\u041e\u0421\u0420\u0415\u0414\u0421\u0422\u0412\u0415\u041d\u041d\u042b\u041c \u0420\u0423\u041a\u041e\u0412\u041e\u0414\u0418\u0422\u0415\u041b\u042f\u041c, (\u041f\u0420\u041e\u0420\u0410\u0411, \u041c\u0410\u0421\u0422\u0415\u0420) - \u0420\u0410\u0411\u041e\u0427\u0418\u0419 \u0414\u0415\u041d\u042c \u0421 7.00 \u0414\u041e 19.00 , \u041f\u0415\u0420\u0415\u0420\u042b\u0412 \u0421 13.00 \u0414\u041e 14.00 \u0427. - 6 \u0414\u041d\u0415\u0412\u041d\u0410\u042f \u0420\u0410\u0411\u041e\u0427\u0410\u042f \u041d\u0415\u0414\u0415\u041b\u042f - \u0410\u0411\u0421\u041e\u041b\u042e\u0422\u041d\u041e\u0415 \u0418\u0421\u041a\u041b\u042e\u0427\u0415\u041d\u0418\u0415 \u0423\u041f\u041e\u0422\u0420",
        "action_flag": 2,
        "change_message": "[{\"changed\": {\"fields\": [\"name\"]}}]"
    }
},
{
    "model": "admin.logentry",
    "pk": 41,
    "fields": {
        "action_time": "2019-02-05T00:52:27.637Z",
        "user": 1,
        "content_type": 8,
        "object_id": "4",
        "object_repr": "\u0420\u0430\u0437\u043d\u043e\u0440\u0430\u0431\u043e\u0447\u0438\u0435 (\u0431\u0435\u0437 \u043e\u043f\u044b\u0442\u0430 \u0440\u0430\u0431\u043e\u0442\u044b)",
        "action_flag": 1,
        "change_message": "[{\"added\": {}}]"
    }
},
{
    "model": "admin.logentry",
    "pk": 42,
    "fields": {
        "action_time": "2019-02-05T00:54:13.996Z",
        "user": 1,
        "content_type": 10,
        "object_id": "6",
        "object_repr": "- \u043f\u043e\u0434\u0447\u0438\u043d\u044f\u0435\u043c\u043e\u0441\u0442\u044c \u043d\u0435\u043f\u043e\u0441\u0440\u0435\u0434\u0441\u0442\u0432\u0435\u043d\u043d\u044b\u043c \u0440\u0443\u043a\u043e\u0432\u043e\u0434\u0438\u0442\u0435\u043b\u044f\u043c, (\u043f\u0440\u043e\u0440\u0430\u0431, \u043c\u0430\u0441\u0442\u0435\u0440)\r\n\r\n- \u0440\u0430\u0431\u043e\u0447\u0438\u0439 \u0434\u0435\u043d\u044c \u0441 8.00 \u0434\u043e 18.00 \u0434\u043b\u044f \u0441\u043e\u0442\u0440\u0443\u0434\u043d\u0438\u043a\u043e\u0432 \u043d\u0430 \u043e\u043a\u043b\u0430\u0434\u0435, \u043f\u0435\u0440\u0435\u0440\u044b\u0432 \u0441 13.00 \u0434\u043e 14.00 \u0447.\r\n\r\n- 6 \u0434\u043d\u0435\u0432\u043d\u0430\u044f \u0440\u0430\u0431\u043e\u0447\u0430\u044f \u043d\u0435\u0434\u0435\u043b\u044f\r\n\r\n- \u0430\u0431\u0441\u043e\u043b\u044e\u0442\u043d\u043e\u0435 ",
        "action_flag": 1,
        "change_message": "[{\"added\": {}}, {\"added\": {\"name\": \"\\u0424\\u043e\\u0442\\u043e\\u0433\\u0440\\u0430\\u0444\\u0438\\u044f\", \"object\": \"7\"}}]"
    }
},
{
    "model": "admin.logentry",
    "pk": 43,
    "fields": {
        "action_time": "2019-02-05T00:55:35.979Z",
        "user": 1,
        "content_type": 10,
        "object_id": "2",
        "object_repr": "- \u043f\u043e\u0434\u0447\u0438\u043d\u044f\u0435\u043c\u043e\u0441\u0442\u044c \u043d\u0435\u043f\u043e\u0441\u0440\u0435\u0434\u0441\u0442\u0432\u0435\u043d\u043d\u044b\u043c \u0440\u0443\u043a\u043e\u0432\u043e\u0434\u0438\u0442\u0435\u043b\u044f\u043c, (\u043f\u0440\u043e\u0440\u0430\u0431, \u043c\u0430\u0441\u0442\u0435\u0440)\r\n\r\n- \u0440\u0430\u0431\u043e\u0447\u0438\u0439 \u0434\u0435\u043d\u044c \u0441 8.00 \u0434\u043e 18.00 \u0434\u043b\u044f \u0441\u043e\u0442\u0440\u0443\u0434\u043d\u0438\u043a\u043e\u0432 \u043d\u0430 \u043e\u043a\u043b\u0430\u0434\u0435, \u043f\u0435\u0440\u0435\u0440\u044b\u0432 \u0441 13.00 \u0434\u043e 14.00 \u0447.\r\n\r\n- 6 \u0434\u043d\u0435\u0432\u043d\u0430\u044f \u0440\u0430\u0431\u043e\u0447\u0430\u044f \u043d\u0435\u0434\u0435\u043b\u044f\r\n\r\n- \u0430\u0431\u0441\u043e\u043b\u044e\u0442\u043d\u043e\u0435 ",
        "action_flag": 2,
        "change_message": "[{\"changed\": {\"fields\": [\"name\", \"price\", \"education\", \"short_description\", \"description\"]}}]"
    }
},
{
    "model": "admin.logentry",
    "pk": 44,
    "fields": {
        "action_time": "2019-02-05T01:03:53.896Z",
        "user": 1,
        "content_type": 10,
        "object_id": "2",
        "object_repr": "- \u043f\u043e\u0434\u0447\u0438\u043d\u044f\u0435\u043c\u043e\u0441\u0442\u044c \u043d\u0435\u043f\u043e\u0441\u0440\u0435\u0434\u0441\u0442\u0432\u0435\u043d\u043d\u044b\u043c \u0440\u0443\u043a\u043e\u0432\u043e\u0434\u0438\u0442\u0435\u043b\u044f\u043c, (\u043f\u0440\u043e\u0440\u0430\u0431, \u043c\u0430\u0441\u0442\u0435\u0440)\r\n\r\n- \u0440\u0430\u0431\u043e\u0447\u0438\u0439 \u0434\u0435\u043d\u044c \u0441 8.00 \u0434\u043e 18.00 \u0434\u043b\u044f \u0441\u043e\u0442\u0440\u0443\u0434\u043d\u0438\u043a\u043e\u0432 \u043d\u0430 \u043e\u043a\u043b\u0430\u0434\u0435, \u043f\u0435\u0440\u0435\u0440\u044b\u0432 \u0441 13.00 \u0434\u043e 14.00 \u0447.\r\n\r\n- 6 \u0434\u043d\u0435\u0432\u043d\u0430\u044f \u0440\u0430\u0431\u043e\u0447\u0430\u044f \u043d\u0435\u0434\u0435\u043b\u044f\r\n\r\n- \u0430\u0431\u0441\u043e\u043b\u044e\u0442\u043d\u043e\u0435 ",
        "action_flag": 2,
        "change_message": "[{\"changed\": {\"fields\": [\"name\", \"price\"]}}]"
    }
},
{
    "model": "admin.logentry",
    "pk": 45,
    "fields": {
        "action_time": "2019-02-05T01:04:59.386Z",
        "user": 1,
        "content_type": 10,
        "object_id": "2",
        "object_repr": "- \u043f\u043e\u0434\u0447\u0438\u043d\u044f\u0435\u043c\u043e\u0441\u0442\u044c \u043d\u0435\u043f\u043e\u0441\u0440\u0435\u0434\u0441\u0442\u0432\u0435\u043d\u043d\u044b\u043c \u0440\u0443\u043a\u043e\u0432\u043e\u0434\u0438\u0442\u0435\u043b\u044f\u043c, (\u043f\u0440\u043e\u0440\u0430\u0431, \u043c\u0430\u0441\u0442\u0435\u0440)\r\n\r\n- \u0440\u0430\u0431\u043e\u0447\u0438\u0439 \u0434\u0435\u043d\u044c \u0441 8.00 \u0434\u043e 18.00 \u0434\u043b\u044f \u0441\u043e\u0442\u0440\u0443\u0434\u043d\u0438\u043a\u043e\u0432 \u043d\u0430 \u043e\u043a\u043b\u0430\u0434\u0435, \u043f\u0435\u0440\u0435\u0440\u044b\u0432 \u0441 13.00 \u0434\u043e 14.00 \u0447.\r\n\r\n- 6 \u0434\u043d\u0435\u0432\u043d\u0430\u044f \u0440\u0430\u0431\u043e\u0447\u0430\u044f \u043d\u0435\u0434\u0435\u043b\u044f\r\n\r\n- \u0430\u0431\u0441\u043e\u043b\u044e\u0442\u043d\u043e\u0435 ",
        "action_flag": 2,
        "change_message": "[{\"changed\": {\"fields\": [\"name\", \"price\"]}}]"
    }
},
{
    "model": "admin.logentry",
    "pk": 46,
    "fields": {
        "action_time": "2019-02-05T12:18:04.802Z",
        "user": 1,
        "content_type": 10,
        "object_id": "7",
        "object_repr": "- \u043f\u043e\u0434\u0447\u0438\u043d\u044f\u0435\u043c\u043e\u0441\u0442\u044c \u043d\u0435\u043f\u043e\u0441\u0440\u0435\u0434\u0441\u0442\u0432\u0435\u043d\u043d\u044b\u043c \u0440\u0443\u043a\u043e\u0432\u043e\u0434\u0438\u0442\u0435\u043b\u044f\u043c, (\u043f\u0440\u043e\u0440\u0430\u0431, \u043c\u0430\u0441\u0442\u0435\u0440)\r\n\r\n- \u0440\u0430\u0431\u043e\u0447\u0438\u0439 \u0434\u0435\u043d\u044c \u0441 7.00 \u0434\u043e 19.00 , \u043f\u0435\u0440\u0435\u0440\u044b\u0432 \u0441 13.00 \u0434\u043e 14.00 \u0447.\r\n\r\n- 6 \u0434\u043d\u0435\u0432\u043d\u0430\u044f \u0440\u0430\u0431\u043e\u0447\u0430\u044f \u043d\u0435\u0434\u0435\u043b\u044f\r\n\r\n- \u0430\u0431\u0441\u043e\u043b\u044e\u0442\u043d\u043e\u0435 \u0438\u0441\u043a\u043b\u044e\u0447\u0435\u043d\u0438\u0435 \u0443\u043f\u043e\u0442\u0440\u0435\u0431\u043b\u0435\u043d\u0438\u044f \u0430",
        "action_flag": 1,
        "change_message": "[{\"added\": {}}, {\"added\": {\"name\": \"\\u0424\\u043e\\u0442\\u043e\\u0433\\u0440\\u0430\\u0444\\u0438\\u044f\", \"object\": \"8\"}}]"
    }
},
{
    "model": "admin.logentry",
    "pk": 47,
    "fields": {
        "action_time": "2019-02-15T12:42:37.360Z",
        "user": 1,
        "content_type": 10,
        "object_id": "8",
        "object_repr": "\u041f\u043e\u043b\u043d\u0430\u044f \u0437\u0430\u043d\u044f\u0442\u043e\u0441\u0442\u044c, \u0441\u043e\u0446\u043f\u0430\u043a\u0435\u0442, \u0441\u0432\u043e\u0435\u0432\u0440\u0435\u043c\u0435\u043d\u043d\u0430\u044f \u043e\u043f\u043b\u0430\u0442\u0430 \u0442\u0440\u0443\u0434\u0430. \u0412\u0430\u0445\u0442\u0430",
        "action_flag": 1,
        "change_message": "[{\"added\": {}}, {\"added\": {\"name\": \"\\u0424\\u043e\\u0442\\u043e\\u0433\\u0440\\u0430\\u0444\\u0438\\u044f\", \"object\": \"9\"}}]"
    }
},
{
    "model": "admin.logentry",
    "pk": 48,
    "fields": {
        "action_time": "2019-02-15T13:19:56.601Z",
        "user": 1,
        "content_type": 8,
        "object_id": "5",
        "object_repr": "\u041a\u0430\u0442\u0435\u0433\u043e\u0440\u0438\u044f 5",
        "action_flag": 1,
        "change_message": "[{\"added\": {}}]"
    }
},
{
    "model": "admin.logentry",
    "pk": 49,
    "fields": {
        "action_time": "2019-02-15T13:20:02.456Z",
        "user": 1,
        "content_type": 8,
        "object_id": "6",
        "object_repr": "\u041a\u0430\u0442\u0435\u0433\u043e\u0440\u0438\u044f 6",
        "action_flag": 1,
        "change_message": "[{\"added\": {}}]"
    }
},
{
    "model": "admin.logentry",
    "pk": 50,
    "fields": {
        "action_time": "2019-02-15T13:20:11.506Z",
        "user": 1,
        "content_type": 8,
        "object_id": "7",
        "object_repr": "\u041a\u0430\u0442\u0435\u0433\u043e\u0440\u0438\u044f 7",
        "action_flag": 1,
        "change_message": "[{\"added\": {}}]"
    }
},
{
    "model": "admin.logentry",
    "pk": 51,
    "fields": {
        "action_time": "2019-02-15T13:20:17.270Z",
        "user": 1,
        "content_type": 8,
        "object_id": "8",
        "object_repr": "\u041a\u0430\u0442\u0435\u0433\u043e\u0440\u0438\u044f 8",
        "action_flag": 1,
        "change_message": "[{\"added\": {}}]"
    }
},
{
    "model": "admin.logentry",
    "pk": 52,
    "fields": {
        "action_time": "2019-02-15T13:20:22.534Z",
        "user": 1,
        "content_type": 8,
        "object_id": "9",
        "object_repr": "\u041a\u0430\u0442\u0435\u0433\u043e\u0440\u0438\u044f 8",
        "action_flag": 1,
        "change_message": "[{\"added\": {}}]"
    }
},
{
    "model": "admin.logentry",
    "pk": 53,
    "fields": {
        "action_time": "2019-02-15T13:20:28.509Z",
        "user": 1,
        "content_type": 8,
        "object_id": "10",
        "object_repr": "\u041a\u0430\u0442\u0435\u0433\u043e\u0440\u0438\u044f 9",
        "action_flag": 1,
        "change_message": "[{\"added\": {}}]"
    }
},
{
    "model": "admin.logentry",
    "pk": 54,
    "fields": {
        "action_time": "2019-02-15T13:20:34.997Z",
        "user": 1,
        "content_type": 8,
        "object_id": "11",
        "object_repr": "\u041a\u0430\u0442\u0435\u0433\u043e\u0440\u0438\u044f 10",
        "action_flag": 1,
        "change_message": "[{\"added\": {}}]"
    }
},
{
    "model": "admin.logentry",
    "pk": 55,
    "fields": {
        "action_time": "2019-02-15T13:20:43.044Z",
        "user": 1,
        "content_type": 8,
        "object_id": "12",
        "object_repr": "\u041a\u0430\u0442\u0435\u0433\u043e\u0440\u0438\u044f 11",
        "action_flag": 1,
        "change_message": "[{\"added\": {}}]"
    }
},
{
    "model": "admin.logentry",
    "pk": 56,
    "fields": {
        "action_time": "2019-02-15T13:20:47.684Z",
        "user": 1,
        "content_type": 8,
        "object_id": "13",
        "object_repr": "\u041a\u0430\u0442\u0435\u0433\u043e\u0440\u0438\u044f 12",
        "action_flag": 1,
        "change_message": "[{\"added\": {}}]"
    }
},
{
    "model": "admin.logentry",
    "pk": 57,
    "fields": {
        "action_time": "2019-02-15T13:20:52.729Z",
        "user": 1,
        "content_type": 8,
        "object_id": "14",
        "object_repr": "\u041a\u0430\u0442\u0435\u0433\u043e\u0440\u0438\u044f 13",
        "action_flag": 1,
        "change_message": "[{\"added\": {}}]"
    }
},
{
    "model": "admin.logentry",
    "pk": 58,
    "fields": {
        "action_time": "2019-02-15T13:20:57.718Z",
        "user": 1,
        "content_type": 8,
        "object_id": "15",
        "object_repr": "\u041a\u0430\u0442\u0435\u0433\u043e\u0440\u0438\u044f 14",
        "action_flag": 1,
        "change_message": "[{\"added\": {}}]"
    }
},
{
    "model": "admin.logentry",
    "pk": 59,
    "fields": {
        "action_time": "2019-02-15T13:21:02.503Z",
        "user": 1,
        "content_type": 8,
        "object_id": "16",
        "object_repr": "\u041a\u0430\u0442\u0435\u0433\u043e\u0440\u0438\u044f 15",
        "action_flag": 1,
        "change_message": "[{\"added\": {}}]"
    }
},
{
    "model": "admin.logentry",
    "pk": 60,
    "fields": {
        "action_time": "2019-02-15T13:21:07.288Z",
        "user": 1,
        "content_type": 8,
        "object_id": "17",
        "object_repr": "\u041a\u0430\u0442\u0435\u0433\u043e\u0440\u0438\u044f 16",
        "action_flag": 1,
        "change_message": "[{\"added\": {}}]"
    }
},
{
    "model": "admin.logentry",
    "pk": 61,
    "fields": {
        "action_time": "2019-02-20T13:33:33.606Z",
        "user": 1,
        "content_type": 10,
        "object_id": "9",
        "object_repr": "\u0442\u0435\u043a\u0441\u0442\u0442\u0435\u043a\u0441\u0442 \u0442\u0435\u043a\u0441\u0442\r\n\r\n\r\n\u0430\u0432\u044b\u0430\u044b\u0432\u0430\u0432\u044b\u0430\u0432\u044b\u0430\u0432\r\n\u0430\u044b\u0432\u0430",
        "action_flag": 1,
        "change_message": "[{\"added\": {}}, {\"added\": {\"name\": \"\\u0424\\u043e\\u0442\\u043e\\u0433\\u0440\\u0430\\u0444\\u0438\\u044f\", \"object\": \"10\"}}]"
    }
}
]
